program_id;university;program_name;full_description;subjects;min_scores;program_type;specialization_focus;city;study_duration;degree_level
1;МГТУ им. Н.Э. Баумана;Программная инженерия;Системное программирование на C/C++ для аэрокосмической и automotive отраслей. Изучают разработку драйверов, операционные системы реального времени, embedded системы, Linux kernel. Выпускники работают в Роскосмосе, Яндексе (автономное вождение), Лаборатории Касперского;математика,русский,информатика;85,70,88;IT;Системное программирование;Москва;4;Бакалавриат
2;НИУ ВШЭ;Программная инженерия;Корпоративная разработка и enterprise-архитектура для финансового сектора. Изучают Java Spring, микросервисы, облачные платформы (AWS, Azure), DevOps. Карьера в Сбере, Тинькофф, Альфа-Банке, IT-консалтинге;математика,русский,информатика;83,75,85;IT;Корпоративные приложения;Москва;4;Бакалавриат
3;ИТМО;Программная инженерия;Веб и мобильная разработка в продуктовых IT-командах. Изучают JavaScript (React, Vue), Node.js, мобильную разработку (React Native, Flutter), agile методологии. Выпускники работают в VK, Яндекс.Такси, зарубежных IT-компаниях;математика,русский,информатика;82,68,84;IT;Веб-разработка;Санкт-Петербург;4;Бакалавриат
4;МФТИ;Программная инженерия;Теоретическая информатика с углубленным изучением алгоритмов и машинного обучения. Изучают алгоритмы и структуры данных, математическую логику, computational complexity. Карьера в исследовательских центрах Сколтеха, AI-лабораториях Яндекса;математика,русский,информатика;84,72,86;IT;Алгоритмы и ML;Москва;4;Бакалавриат
5;СПбПУ Петра Великого;Программная инженерия;Промышленная автоматизация и разработка SCADA-систем для smart factory. Изучают промышленные протоколы (Modbus, OPC UA), PLC программирование, цифровые двойники. Выпускники работают на Газпроме, Сименс, автоматизированных производствах;математика,русский,информатика;78,65,80;IT;Промышленный софт;Санкт-Петербург;4;Бакалавриат
6;МГУ;Программная инженерия;Фундаментальная информатика с математическими основами программирования. Изучают функциональное программирование (Haskell, OCaml), теорию компиляторов, верификацию программ. Выпускники работают в JetBrains, Microsoft Research, академических институтах;математика,русский,информатика;86,74,87;IT;Фундаментальная информатика;Москва;4;Бакалавриат
7;УрФУ;Программная инженерия;Телекоммуникационные системы и сетевое программирование. Изучают сетевые протоколы, облачные вычисления, информационную безопасность. Карьера в МТС, МегаФон, разработчиками сетевого оборудования;математика,русский,информатика;76,64,78;IT;Сетевые технологии;Екатеринбург;4;Бакалавриат
8;НГУ;Программная инженерия;Высокопроизводительные вычисления и параллельное программирование для науки. Изучают C++ с CUDA, MPI, распределенные системы, обработку больших данных. Выпускники работают в Институте ядерной физики, научных суперкомпьютерных центрах;математика,русский,информатика;79,66,81;IT;Научные вычисления;Новосибирск;4;Бакалавриат
9;НИТУ МИСиС;Программная инженерия;ИТ в металлургии и горном деле, цифровизация производств. Изучают промышленный IoT, датчики, ERP-системы (SAP), digital twin. Карьера в Норникеле, Металлоинвест, автоматизации горнодобывающей отрасли;математика,русский,информатика;75,63,77;IT;Промышленная автоматизация;Москва;4;Бакалавриат
10;КФУ;Программная инженерия;Разработка для нефтегазовой отрасли и геоинформационные системы. Изучают Python для анализа данных, GIS (ArcGIS), специализированный софт для моделирования месторождений. Выпускники работают в Татнефти, Лукойле, сервисных IT-компаниях;математика,русский,информатика;74,62,76;IT;Нефтегазовый софт;Казань;4;Бакалавриат
11;МАИ;Авиастроение;Проектирование гражданских самолетов, аэродинамика, системы управления. Изучают CATIA, ANSYS Fluent, композитные материалы. Выпускники работают в ОАК, у Ильюшина, в Boeing, Airbus;математика,русский,физика;78,65,80;Инженерия;Гражданская авиация;Москва;4;Бакалавриат
12;МГТУ им. Н.Э. Баумана;Робототехника;Проектирование и программирование промышленных роботов и автономных систем. Изучают мехатронику, системы управления, компьютерное зрение, ROS. Карьера в КАМАЗ, Ростехе, робототехнических стартапах;математика,русский,физика;80,68,82;Инженерия;Промышленные роботы;Москва;4;Бакалавриат
13;СПбГПУ;Электроэнергетика;Возобновляемые источники энергии, ветряные и солнечные электростанции. Изучают фотоэлектрические системы, ветрогенераторы, накопители энергии, smart grid. Выпускники работают в Роснано, Hevel Solar, зарубежных энергокомпаниях;математика,русский,физика;76,64,78;Инженерия;ВИЭ;Санкт-Петербург;4;Бакалавриат
14;МГСУ;Строительство;Промышленное и гражданское строительство, проектирование зданий. Изучают AutoCAD, Revit, расчет конструкций, сметное дело. Карьера в строительных компаниях ПИК, ГК Эталон, мостостроительных организациях;математика,русский,физика;75,63,77;Инженерия;ПГС;Москва;4;Бакалавриат
15;РГУ нефти и газа;Нефтегазовое дело;Транспортировка и хранение углеводородов, проектирование трубопроводов. Изучают магистральные трубопроводы, коррозионную защиту, логистику СПГ. Выпускники работают в Транснефти, Газпроме, сервисных компаниях;математика,русский,физика;78,66,80;Инженерия;Транспортировка нефти;Москва;4;Бакалавриат
16;Первый МГМУ им. И.М. Сеченова;Лечебное дело;Терапия, внутренние болезни, общая врачебная практика. Изучают диагностику, фармакологию, ведение пациентов с хроническими заболеваниями. Выпускники работают в поликлиниках, терапевтических отделениях больниц;химия,биология,русский;85,88,75;Медицина;Терапия;Москва;6;Специалитет
17;РНИМУ им. Н.И. Пирогова;Лечебное дело;Педиатрия, детские болезни, неонатология. Изучают особенности детского организма, вакцинацию, развитие ребенка. Карьера в детских поликлиниках, больницах, перинатальных центрах;химия,биология,русский;84,87,74;Медицина;Педиатрия;Москва;6;Специалитет
18;СЗГМУ им. И.И. Мечникова;Лечебное дело;Хирургия, оперативные вмешательства, травматология. Изучают анатомию, оперативную технику, реаниматологию, переливание крови. Выпускники работают в хирургических отделениях, скорой помощи, травмпунктах;химия,биология,русский;83,86,73;Медицина;Хирургия;Санкт-Петербург;6;Специалитет
19;МГМСУ им. А.И. Евдокимова;Стоматология;Терапевтическая стоматология, лечение кариеса, эндодонтия. Изучают препарирование зубов, пломбировочные материалы, рентгенодиагностику. Выпускники работают в стоматологических поликлиниках и частных клиниках;химия,биология,русский;82,85,73;Медицина;Терапевтическая стоматология;Москва;5;Специалитет
20;ОмГМУ;Стоматология;Челюстно-лицевая хирургия, травмы, опухоли, врожденные дефекты. Изучают оперативные вмешательства на челюстях, пластическую хирургию лица. Выпускники работают в челюстно-лицевых отделениях больниц;химия,биология,русский;81,83,72;Медицина;Челюстно-лицевая хирургия;Омск;5;Специалитет
21;МГХПА им. С.Г. Строганова;Дизайн;Промышленный дизайн, эргономика, проектирование изделий. Изучают скетчинг, 3D-моделирование (Rhino), материаловедение, историю дизайна. Выпускники работают в автомобильном дизайне, мебельных компаниях, consumer electronics;русский,литература,рисунок;68,72,86;Творческое;Промышленный дизайн;Москва;4;Бакалавриат
22;НИУ ВШЭ;Дизайн;Цифровой дизайн, UX/UI, дизайн-мышление. Изучают Figma, Adobe Creative Suite, пользовательские исследования, прототипирование. Карьера в IT-компаниях, digital-агентствах, продуктовом дизайне;русский,литература,информатика;78,80,82;Творческое;Цифровой дизайн;Москва;4;Бакалавриат
23;СПбГУ;Дизайн;Графический дизайн, типографика, брендинг. Изучают композицию, цветоведение, леттеринг, упаковку, айдентику. Выпускники работают в рекламных агентствах, издательствах, на фрилансе;русский,литература,рисунок;75,78,84;Творческое;Графический дизайн;Санкт-Петербург;4;Бакалавриат
24;МАрхИ;Архитектура;Градостроительство, планировка городов, урбанистика. Изучают генпланы, транспортные системы, экологию города, историю градостроительства. Карьера в проектных институтах, администрациях городов, девелоперских компаниях;математика,русский,рисунок;78,75,85;Творческое;Градостроительство;Москва;5;Специалитет
25;ГИТИС;Актерское искусство;Актер драматического театра и кино, сценическая речь, движение. Изучают актерское мастерство, историю театра, сценическое движение, грим. Выпускники работают в театрах, кино, на телевидении;русский,литература,творческий экзамен;70,75,90;Творческое;Актер драматического театра;Москва;4;Бакалавриат
26;МГУ;Экономика;Макроэкономика, экономическая теория, государственное регулирование. Изучают экономические модели, денежно-кредитную политику, международную экономику. Карьера в Минэкономразвития, ЦБ, аналитических центрах;математика,русский,обществознание;84,78,82;Экономика;Макроэкономика;Москва;4;Бакалавриат
27;НИУ ВШЭ;Экономика;Микроэкономика, теория игр, экономика фирмы. Изучают поведение потребителей, рыночные структуры, контрактную теорию. Выпускники работают в консалтинге, корпоративных стратегических отделах, аналитических центрах;математика,русский,обществознание;83,77,81;Экономика;Микроэкономика;Москва;4;Бакалавриат
28;РЭУ им. Г.В. Плеханова;Экономика;Бухгалтерский учет, аудит, налогообложение. Изучают МСФО, российские стандарты учета, налоговое планирование. Карьера в Big4 (PwC, EY), финансовых отделах компаний, банках;математика,русский,обществознание;80,75,78;Экономика;Бухучет и аудит;Москва;4;Бакалавриат
29;СПбГУ;Экономика;Экономика и управление предприятием, корпоративные финансы. Изучают финансовый менеджмент, оценку бизнеса, инвестиционный анализ. Выпускники работают финансовыми директорами, бизнес-аналитиками в компаниях;математика,русский,обществознание;82,77,80;Экономика;Корпоративные финансы;Санкт-Петербург;4;Бакалавриат
30;УрФУ;Экономика;Региональная экономика, экономика Урала, промышленная политика. Изучают кластерный анализ, территориальное развитие, особенности промышленных регионов. Карьера в администрациях регионов, промышленных корпорациях, аналитических центрах;математика,русский,обществознание;78,73,76;Экономика;Региональная экономика;Екатеринбург;4;Бакалавриат
31;МГИМО;Международные отношения;Дипломатия, международное право, внешняя политика. Изучают два иностранных языка, протокол, переговорный процесс, международные организации. Выпускники работают в МИД, ООН, посольствах, международных корпорациях;история,русский,иностранный язык;88,85,90;Гуманитарное;Дипломатия;Москва;4;Бакалавриат
32;СПбГУ;Международные отношения;Европейские исследования, интеграция с ЕС, Балтийский регион. Изучают право ЕС, европейские институты, языки Европы. Карьера в компаниях, работающих с Европой, европейских представительствах в России;история,русский,иностранный язык;85,82,88;Гуманитарное;Европейские исследования;Санкт-Петербург;4;Бакалавриат
33;МГУ;Журналистика;Телевизионная журналистика, репортажи, документальное кино. Изучают операторское мастерство, монтаж, сценарное дело, телевизионный продюсинг. Карьера на федеральных телеканалах, в продюсерских центрах, на YouTube;русский,литература,история;84,86,82;Гуманитарное;ТВ-журналистика;Москва;4;Бакалавриат
34;НИУ ВШЭ;Журналистика;Цифровая журналистика, онлайн-медиа, социальные сети. Изучают SMM, контент-маркетинг, data journalism, медиааналитику. Выпускники работают в медиахолдингах, digital-агентствах, корпоративных медиа;русский,литература,история;82,84,80;Гуманитарное;Цифровая журналистика;Москва;4;Бакалавриат
35;МГУ;Психология;Клиническая психология, психотерапия, психодиагностика. Изучают патопсихологию, методы психотерапии, работу с психическими расстройствами. Выпускники работают в клиниках, частной практике, реабилитационных центрах;биология,русский,обществознание;83,85,81;Гуманитарное;Клиническая психология;Москва;4;Бакалавриат
36;МГЮА;Юриспруденция;Гражданское право, договорное право, корпоративное право. Изучают Гражданский кодекс, арбитражный процесс, сделки, юридические лица. Карьера в юридических фирмах, корпоративных юротделах, нотариате;русский,обществознание,история;85,87,83;Право;Гражданское право;Москва;4;Бакалавриат
37;СПбГУ;Юриспруденция;Уголовное право, криминалистика, судебная экспертиза. Изучают Уголовный кодекс, уголовный процесс, криминологию, дактилоскопию. Выпускники работают в следственных органах, прокуратуре, адвокатуре;русский,обществознание,история;84,86,82;Право;Уголовное право;Санкт-Петербург;4;Бакалавриат
38;УрГЮУ;Юриспруденция;Предпринимательское право, сопровождение бизнеса, налоговое право. Изучают регистрацию бизнеса, лицензирование, банкротство, налоговые споры. Карьера в юридическом сопровождении компаний, консалтинге, налоговых органах;русский,обществознание,история;82,84,80;Право;Предпринимательское право;Екатеринбург;4;Бакалавриат
39;КФУ;Юриспруденция;Международное право, правовые системы мира, сравнительное правоведение. Изучают международные договоры, право ВТО, морское право, правовые традиции. Выпускники работают в международных компаниях, МИД, транснациональных корпорациях;русский,обществознание,история;83,85,81;Право;Международное право;Казань;4;Бакалавриат
40;СПбГУ;Юриспруденция;Интеллектуальная собственность, авторское право, патенты. Изучают защиту авторских прав, товарных знаков, изобретений, программного обеспечения. Карьера в IT-компаниях, фармацевтических корпорациях, патентных бюро;русский,обществознание,история;81,83,79;Право;Интеллектуальная собственность;Санкт-Петербург;4;Бакалавриат
41;МФТИ;Физика;Теоретическая физика, квантовая механика, теория поля. Изучают математические методы физики, релятивистскую квантовую механику, космологию. Карьера в научно-исследовательских институтах, академической науке, IT-компаниях;математика,русский,физика;89,75,88;Science;Теоретическая физика;Москва;4;Бакалавриат
42;МГУ;Физика;Экспериментальная физика, физика твердого тела, нанотехнологии. Изучают методы измерений, работу на ускорителях, создание новых материалов. Выпускники работают в научных лабораториях, высокотехнологичных компаниях, исследовательских центрах;математика,русский,физика;87,73,86;Science;Экспериментальная физика;Москва;4;Бакалавриат
43;СПбГУ;Астрономия;Астрофизика, космология, наблюдения за звездами. Изучают строение звезд, черные дыры, реликтовое излучение, работу телескопов. Карьера в обсерваториях, космических агентствах, научных центрах, планетариях;математика,русский,физика;86,72,85;Science;Астрофизика;Санкт-Петербург;4;Бакалавриат
44;МГУ;Химия;Органическая химия, синтез новых соединений, лекарства. Изучают реакции органического синтеза, спектроскопию, дизайн молекул. Карьера в фармацевтических компаниях, научно-исследовательских институтах, химической промышленности;химия,русский,математика;86,78,84;Science;Органическая химия;Москва;4;Бакалавриат
45;СПбГУ;Биология;Молекулярная биология, генетика, биотехнологии. Изучают ДНК, белки, клеточные процессы, генную инженерию. Карьера в биотех-стартапах, фармацевтике, научных институтах, медицинских лабораториях;биология,русский,химия;85,80,83;Science;Молекулярная биология;Санкт-Петербург;4;Бакалавриат
46;МГУ;Лингвистика;Теоретическая лингвистика, структура языка, фонетика, морфология. Изучают универсальную грамматику, языковые универсалии, историю языков. Карьера в научных институтах, преподавании, разработке лингвистического софта;русский,иностранный язык,история;84,88,82;Гуманитарное;Теоретическая лингвистика;Москва;4;Бакалавриат
47;НИУ ВШЭ;Управление персоналом;HR-аналитика, data-driven HR, метрики эффективности. Изучают анализ кадровых данных, HR-метрики, прогнозную аналитику, системы управления талантами. Выпускники работают в IT-компаниях, корпорациях с продвинутым HR;обществознание,русский,математика;81,83,79;Гуманитарное;HR-аналитика;Москва;4;Бакалавриат
48;МИФИ;Ядерная физика и технологии;Ядерные реакторы, радиационная безопасность, топливный цикл. Изучают физику реакторов, системы защиты, радиохимию, управление ядерными материалами. Карьера в Росатоме, на АЭС, в научно-исследовательских институтах;математика,русский,физика;82,70,84;Инженерия;Ядерная энергетика;Москва;4;Бакалавриат
49;ДВФУ;Востоковедение;Китайский язык и культура, экономика АТР, международные отношения в Азии. Изучают китайский язык, историю Китая, экономику Азиатско-Тихоокеанского региона. Выпускники работают в компаниях, торгующих с Китаем, консульствах, туризме;история,русский,иностранный язык;78,75,82;Гуманитарное;Китаеведение;Владивосток;4;Бакалавриат
50;РГГУ;Музеология и охрана объектов культурного наследия;Музейное дело, сохранение культурного наследия, экспозиционная деятельность. Изучают фондовую работу, реставрацию, музейный менеджмент, историю искусства. Карьера в музеях, галереях, архивах, культурных центрах;история,русский,обществознание;77,80,79;Гуманитарное;Музеология;Москва;4;Бакалавриат
51;СПбГУ;Прикладная математика;Криптография, теория кодирования, математические основы защиты информации. Изучают алгебраические структуры, эллиптические кривые, протоколы шифрования, алгоритмы шифрования. Выпускники работают в ФСБ, банках, blockchain проектах, компаниях информационной безопасности;математика,русский,информатика;85,74,84;IT;Криптография;Санкт-Петербург;4;Бакалавриат
52;НГУ;Прикладная математика;Вычислительная геометрия, компьютерная графика, CAD системы. Изучают алгоритмы рендеринга, обработку изображений, 3D моделирование, геометрические алгоритмы. Карьера в игровой индустрии, разработке САПР, компьютерном зрении, анимации;математика,русский,информатика;83,72,83;IT;Компьютерная графика;Новосибирск;4;Бакалавриат
53;ИТМО;Кибербезопасность;Защита веб-приложений, анализ уязвимостей, penetration testing. Изучают Kali Linux, методы взлома и защиты, reverse engineering, OWASP Top 10. Выпускники работают в Group-IB, Positive Technologies, банках, пентестинговых компаниях;математика,русский,информатика;84,70,86;IT;Web Security;Санкт-Петербург;4;Бакалавриат
54;МИФИ;Кибербезопасность;Защита критической инфраструктуры, безопасность АСУ ТП, промышленных систем. Изучают системы защиты АСУ ТП, безопасность ядерных объектов, нормативную базу, SCADA security. Выпускники работают в Росатоме, Ростехе, на опасных производствах, в силовых структурах;математика,русский,информатика;83,69,85;IT;Industrial Security;Москва;4;Бакалавриат
55;МГТУ;Кибербезопасность;Embedded security, защита IoT устройств, аппаратная безопасность. Изучают secure boot, TPM, защиту микроконтроллеров, side-channel attacks, hardware security modules. Выпускники работают в Кaspersky, Лаборатории Касперского, производителях IoT устройств;математика,русский,информатика;82,68,84;IT;IoT Security;Москва;4;Бакалавриат
56;СПбГУАП;Авиастроение;Беспилотные летательные аппараты, дроны, автономные системы. Изучают системы наведения, компьютерное зрение для дронов, роевой интеллект, аэродинамику БПЛА. Карьера в Кронштадт, Zala Aero, Геоскан, стартапах в области дронов;математика,русский,физика;76,64,78;Инженерия;БПЛА;Санкт-Петербург;4;Бакалавриат
57;СПбГАСУ;Строительство;Историческая реставрация, сохранение культурного наследия, реконструкция зданий. Изучают старинные технологии строительства, консервацию памятников, исторические материалы, методы реставрации. Карьера в реставрационных компаниях, музеях, архитектурных бюро, работающих с историческими зданиями;математика,русский,история;74,65,76;Инженерия;Реставрация;Санкт-Петербург;4;Бакалавриат
58;ДВФУ;Строительство;Сейсмостойкое строительство, конструкции для сейсмических регионов, защита от цунами. Изучают динамику сооружений, сейсмическое районирование, расчет конструкций на сейсмические нагрузки. Выпускники работают на Сахалине, Камчатке, в Японии, в сейсмоопасных регионах;математика,русский,физика;73,62,75;Инженерия;Сейсмостойкость;Владивосток;4;Бакалавриат
59;ТюмГНГУ;Нефтегазовое дело;Разведка и добыча нефти, геология, бурение, разработка месторождений. Изучают сейсморазведку, моделирование пластов, технологии гидроразрыва, скважинную геофизику. Карьера в Лукойле, Роснефти, Газпром нефти, сервисных компаниях Schlumberger, Halliburton;математика,русский,физика;76,64,78;Инженерия;Нефтедобыча;Тюмень;4;Бакалавриат
60;УГНТУ;Нефтегазовое дело;Переработка нефти, нефтехимия, катализ, производство нефтепродуктов. Изучают технологические процессы, катализаторы, продукты переработки, оборудование НПЗ. Карьера на нефтеперерабатывающих заводах, в нефтехимических комбинатах, исследовательских центрах;химия,русский,физика;77,65,79;Инженерия;Нефтепереработка;Уфа;4;Бакалавриат
61;ИрНИТУ;Электроэнергетика;Энергетика Сибири, ГЭС, большие расстояния передач, энергосистемы удаленных районов. Изучают гидротурбины, ЛЭП, управление энергосистемами в суровых условиях, особенности северной энергетики. Выпускники работают на ГЭС, в МРСК Сибири, энергетических компаниях Восточной Сибири;математика,русский,физика;74,62,76;Инженерия;Гидроэнергетика;Иркутск;4;Бакалавриат
62;СГМУ;Лечебное дело;Сельская медицина, врачебная практика в удаленных районах, медицина катастроф. Изучают оказание помощи в условиях дефицита ресурсов, особенности сельского здравоохранения, организацию медицинской помощи в труднодоступных районах. Выпускники работают в ФАПах, районных больницах, службах медицины катастроф;химия,биология,русский;78,82,70;Медицина;Сельская медицина;Архангельск;6;Специалитет
63;ДВГМУ;Лечебное дело;Тропическая медицина, паразитарные болезни Дальнего Востока, медицинская энтомология. Изучают редкие инфекции, особенности болезней Азиатско-Тихоокеанского региона, медицинскую паразитологию. Карьера в инфекционных больницах, Роспотребнадзоре, научно-исследовательских институтах тропических болезней;химия,биология,русский;79,83,71;Медицина;Тропическая медицина;Хабаровск;6;Специалитет
64;СПбГМУ;Стоматология;Ортопедическая стоматология, протезирование, имплантология, CAD/CAM технологии. Изучают съемное и несъемное протезирование, зубные импланты, цифровые технологии в стоматологии. Карьера в стоматологических клиниках премиум-класса, специализированных центрах имплантологии;химия,биология,русский;83,84,74;Медицина;Ортопедическая стоматология;Санкт-Петербург;5;Специалитет
65;ЮУрГУ;Дизайн;Дизайн транспортных средств, автомобильный и авиационный дизайн, эргономика салонов. Изучают аэродинамику форм, эргономику салонов, концепт-кар дизайн, моделирование транспортных средств. Карьера в АвтоВАЗ, КамАЗ, Урал, авиастроительных компаниях, дизайн-студиях;русский,литература,рисунок;72,70,82;Творческое;Транспортный дизайн;Челябинск;4;Бакалавриат
66;КГИК;Дизайн;Дизайн костюма, fashion-индустрия, текстиль, конструирование одежды. Изучают конструирование одежды, историю костюма, модные иллюстрации, ткачество, технологию швейного производства. Выпускники работают в модных домах, театре, кино, на швейных производствах, дизайнерами одежды;русский,литература,рисунок;70,68,80;Творческое;Дизайн костюма;Краснодар;4;Бакалавриат
67;СПбГАСУ;Архитектура;Ландшафтная архитектура, парки, общественные пространства, садово-парковое искусство. Изучают дендрологию, почвоведение, ирригационные системы, историю садов, проектирование ландшафтов. Выпускники работают в ландшафтных бюро, ботанических садах, девелоперских компаниях, муниципалитетах;математика,русский,рисунок;76,73,83;Творческое;Ландшафтная архитектура;Санкт-Петербург;5;Специалитет
68;ВГИК;Режиссура кино и телевидения;Режиссура художественного кино, работа с актерами, операторское искусство, монтаж. Изучают режиссерское мастерство, кинодраматургию, операторскую работу, звукорежиссуру, продюсирование. Карьера в киноиндустрии, на телевидении, в производстве сериалов, рекламе;русский,литература,творческий экзамен;75,78,88;Творческое;Режиссура кино;Москва;5;Специалитет
69;МПГУ;Педагогическое образование;Подготовка учителей математики для школ, методика преподавания, педагогическая психология. Изучают математику, методику преподавания, возрастную психологию, педагогические технологии. Выпускники работают учителями математики в школах, гимназиях, лицеях, репетиторами;математика,русский,обществознание;75,78,76;Гуманитарное;Учитель математики;Москва;4;Бакалавриат
70;МГОУ;Педагогическое образование;Подготовка учителей начальных классов, методика начального образования, детская психология. Изучают педагогику начального образования, методику преподавания в начальной школе, развитие детей младшего школьного возраста. Карьера учителя начальных классов, воспитателя, методиста;русский,обществознание,математика;73,76,74;Гуманитарное;Учитель начальных классов;Москва;4;Бакалавриат
71;РГПУ им. Герцена;Педагогическое образование;Подготовка учителей иностранного языка (английский), методика преподавания языков. Изучают английский язык, методику преподавания, лингвистику, зарубежную литературу. Выпускники работают учителями английского языка в школах, языковых центрах, репетиторами;русский,иностранный язык,обществознание;76,82,78;Гуманитарное;Учитель английского;Санкт-Петербург;4;Бакалавриат
72;ТГПУ;Педагогическое образование;Подготовка учителей информатики, методика преподавания программирования в школе. Изучают информатику, программирование, методику преподавания IT-дисциплин, образовательные технологии. Карьера учителя информатики, педагога дополнительного образования, методиста;математика,русский,информатика;74,76,78;Гуманитарное;Учитель информатики;Томск;4;Бакалавриат
73;ЯГПУ;Педагогическое образование;Подготовка учителей истории, методика преподавания исторических дисциплин. Изучают историю, историографию, методику преподавания истории, основы археологии. Выпускники работают учителями истории, обществознания, в музеях, архивах;история,русский,обществознание;75,78,76;Гуманитарное;Учитель истории;Ярославль;4;Бакалавриат
74;МГУ;Филология;Русская филология, история литературы, текстология, диалектология. Изучают русскую литературу, историю русского языка, диалектологию, фольклор, древнерусскую литературу. Выпускники работают в издательствах, преподавании, научных институтах, СМИ, архивах;русский,литература,история;84,88,82;Гуманитарное;Русская филология;Москва;4;Бакалавриат
75;СПбГУ;Филология;Зарубежная филология, западноевропейские литературы, сравнительное литературоведение. Изучают европейские литературы, теорию литературы, межкультурную коммуникацию, историю зарубежной литературы. Карьера в переводе, культурных центрах, дипломатии, издательском деле, преподавании;русский,литература,иностранный язык;83,87,81;Гуманитарное;Зарубежная филология;Санкт-Петербург;4;Бакалавриат
76;КФУ;Филология;Тюркская филология, языки тюркских народов, востоковедение, татарский язык и литература. Изучают татарский, турецкий, казахский языки, литературу тюркских народов, историю тюркских языков. Выпускники работают в научных центрах, образовании, культурных организациях, переводе;русский,литература,иностранный язык;80,84,78;Гуманитарное;Тюркская филология;Казань;4;Бакалавриат
77;МГУ;Социология;Теоретическая социология, социальные теории, методология исследований, история социологии. Изучают классические и современные социологические теории, методы сбора данных, анализ социальных процессов. Карьера в академических исследованиях, аналитических центрах, государственных органах, маркетинге;обществознание,русский,история;82,84,80;Гуманитарное;Теоретическая социология;Москва;4;Бакалавриат
78;НИУ ВШЭ;Социология;Прикладная социология, маркетинговые исследования, опросы общественного мнения, количественные методы. Изучают количественные и качественные методы, статистический анализ, работу с большими данными, социологию организаций. Выпускники работают в исследовательских агентствах (ВЦИОМ, ФОМ), маркетинге, HR;обществознание,русский,математика;81,83,79;Гуманитарное;Прикладная социология;Москва;4;Бакалавриат
79;МГУ;Философия;История философии, античная философия, философия нового времени, метафизика. Изучают философские системы от античности до современности, логику, этику, онтологию, гносеологию. Карьера в академической науке, преподавании, публицистике, аналитических центрах;обществознание,русский,история;83,85,81;Гуманитарное;История философии;Москва;4;Бакалавриат
80;НИУ ВШЭ;Философия;Политическая философия, социальная философия, философия права, этика. Изучают теории справедливости, политические идеологии, философские основы права, социальную философию. Выпускники работают в аналитических центрах, политическом консалтинге, государственных органах, СМИ;обществознание,русский,история;82,84,80;Гуманитарное;Политическая философия;Москва;4;Бакалавриат
81;МГУ;Политология;Теория политики, политические системы, сравнительная политология, государственное управление. Изучают государственное устройство, политические режимы, избирательные системы, политические процессы. Карьера в аналитических центрах, государственных органах, СМИ, политических партиях;обществознание,русский,история;83,85,81;Гуманитарное;Теория политики;Москва;4;Бакалавриат
82;МГИМО;Политология;Мировая политика, международные отношения, геополитика, внешняя политика. Изучают внешнюю политику государств, международные конфликты, глобальные процессы, дипломатию. Выпускники работают в МИД, международных организациях, аналитических центрах, транснациональных корпорациях;обществознание,русский,история;85,87,83;Гуманитарное;Мировая политика;Москва;4;Бакалавриат
83;МГУ;Культурология;Теория культуры, история мировой культуры, культурная антропология, семиотика культуры. Изучают культурные процессы, традиции, современную культуру, массовую культуру, методы анализа культуры. Карьера в культурных центрах, музеях, издательствах, СМИ, event-индустрии;обществознание,русский,история;81,83,79;Гуманитарное;Теория культуры;Москва;4;Бакалавриат
84;РГГУ;Культурология;Визуальная культура, медиакультура, digital humanities, исследования новых медиа. Изучают визуальные искусства, кино, фотографию, цифровую культуру, медиатеории. Выпускники работают в медиа, дизайне, культурных проектах, digital-агентствах, музеях;обществознание,русский,литература;80,82,78;Гуманитарное;Визуальная культура;Москва;4;Бакалавриат
85;МГУ;Искусствоведение;История изобразительного искусства, живопись, скульптура, графика, теория искусства. Изучают историю искусства от древности до современности, методы атрибуции, искусствоведческий анализ, музейное дело. Карьера в музеях, галереях, аукционных домах, антикварных салонах, экспертных организациях;литература,русский,история;83,85,81;Гуманитарное;История искусства;Москва;4;Бакалавриат
86;СПбГУ;Искусствоведение;История архитектуры, градостроительство, сохранение наследия, реставрация. Изучают архитектурные стили, историю городов, реставрацию памятников, архитектурную графику. Выпускники работают в архитектурных бюро, реставрационных организациях, музеях, градозащитных движениях;литература,русский,история;82,84,80;Гуманитарное;История архитектуры;Санкт-Петербург;4;Бакалавриат
87;МГУ;География;Физическая география, ландшафтоведение, климатология, геоморфология, биогеография. Изучают рельеф, климат, почвы, растительность, географическую зональность, ландшафтные системы. Выпускники работают в заповедниках, природоохранных организациях, Росгидромете, научных институтах;география,русский,математика;81,79,83;Science;Физическая география;Москва;4;Бакалавриат
88;МГУ;География;Экономическая география, размещение производства, региональная экономика, геоурбанистика. Изучают территориальную организацию общества, урбанизацию, геополитику, мировое хозяйство, региональное развитие. Карьера в аналитических центрах, администрациях, консалтинге, девелоперских компаниях;география,русский,обществознание;80,78,82;Science;Экономическая география;Москва;4;Бакалавриат
89;МГУ;Геология;Общая геология, минералогия, петрография, литология, структурная геология. Изучают строение Земли, минералы, горные породы, геологические процессы, геологическое картирование. Карьера в геологических экспедициях, научных институтах, горнодобывающих компаниях, нефтегазовых компаниях;география,русский,математика;82,80,84;Science;Общая геология;Москва;4;Бакалавриат
90;СПбГУ;Геология;Нефтяная геология, поиск и разведка месторождений углеводородов, сейсморазведка. Изучают геологию нефти и газа, сейсморазведку, моделирование залежей, промысловую геологию. Выпускники работают в нефтегазовых компаниях, сервисных геологических фирмах, научно-исследовательских институтах;география,русский,математика;81,79,83;Science;Нефтяная геология;Санкт-Петербург;4;Бакалавриат
91;МГУ;Почвоведение;Генезис и география почв, почвенная картография, плодородие почв, мелиорация. Изучают образование почв, их классификацию, плодородие, эрозию, охрану почв. Карьера в сельскохозяйственных институтах, экологических организациях, землеустройстве, научных станциях;география,русский,химия;80,78,82;Science;Почвоведение;Москва;4;Бакалавриат
92;МГУ;Гидрометеорология;Метеорология, климатология, гидрология суши, синоптическая метеорология. Изучают атмосферные процессы, прогноз погоды, водные ресурсы, изменение климата, агрометеорологию. Выпускники работают в Росгидромете, авиации, экологических службах, сельском хозяйстве, страховых компаниях;география,русский,математика;81,79,83;Science;Гидрометеорология;Москва;4;Бакалавриат
93;МГУ;Океанология;Физика океана, морские течения, взаимодействие океана и атмосферы, морская гидрология. Изучают свойства морской воды, волны, приливы, климатическую роль океана, океанографические приборы. Карьера в океанологических институтах, на исследовательских судах, в рыболовстве, морской геологии;география,русский,математика;82,80,84;Science;Океанология;Москва;4;Бакалавриат
94;СПбГУ;Астрономия;Радиоастрономия, наблюдения в радиодиапазоне, пульсары, квазары, межзвездная среда. Изучают радиоизлучение небесных тел, работу радиотелескопов, обработку радиоастрономических данных, астрофизику. Карьера в радиоастрономических обсерваториях, научных институтах, космических агентствах;математика,русский,физика;84,77,86;Science;Радиоастрономия;Санкт-Петербург;4;Бакалавриат
95;МГУ;Математика;Фундаментальная математика, алгебра, геометрия, топология, математический анализ. Изучают абстрактные математические структуры, доказательства теорем, математическую логику, теорию множеств. Карьера в академической науке, преподавании, исследовательских центрах, IT-компаниях;математика,русский,физика;88,76,87;Science;Фундаментальная математика;Москва;4;Бакалавриат
96;НИУ ВШЭ;Математика;Прикладная математика, математическое моделирование, вычислительная математика, оптимизация. Изучают численные методы, дифференциальные уравнения, теорию вероятностей, методы оптимизации, математическую статистику. Выпускники работают в IT, финансах, инженерии, аналитических центрах;математика,русский,информатика;86,78,85;Science;Прикладная математика;Москва;4;Бакалавриат
97;СПбГУ;Математика;Математический анализ, теория функций, функциональный анализ, комплексный анализ. Изучают пределы, производные, интегралы, ряды, метрические пространства, теорию меры. Карьера в научных исследованиях, преподавании, аналитических отделах банков и IT-компаний;математика,русский,физика;87,77,86;Science;Математический анализ;Санкт-Петербург;4;Бакалавриат
98;НГУ;Математика;Дискретная математика, теория графов, комбинаторика, криптография, математическая логика. Изучают конечные структуры, алгоритмы на графах, коды, шифрование, логические исчисления. Выпускники работают в computer science, телекоме, информационной безопасности, разработке алгоритмов;математика,русский,информатика;85,75,84;Science;Дискретная математика;Новосибирск;4;Бакалавриат
99;МГУ;Информационная безопасность;Криптографические методы защиты информации, шифрование, стеганография, криптоанализ. Изучают алгоритмы шифрования, криптоанализ, протоколы безопасности, математические основы криптографии. Карьера в спецслужбах, банках, IT-компаниях, государственных органах;математика,русский,информатика;86,78,87;IT;Криптография;Москва;4;Бакалавриат
100;ИТМО;Информационная безопасность;Защита веб-приложений, анализ уязвимостей, bug bounty, безопасность облачных сервисов. Изучают OWASP Top 10, методы взлома сайтов, безопасность API, облачные технологии, DevSecOps. Выпускники работают в пентестинговых компаниях, банках, IT-гигантах, на фрилансе;математика,русский,информатика;83,75,84;IT;Web Application Security;Санкт-Петербург;4;Бакалавриат
101;МГУ;Управление персоналом;Теория управления персоналом, организационное поведение, кадровый менеджмент, трудовое право. Изучают HR-стратегии, оценку персонала, мотивацию, компенсации и льготы, управление талантами. Карьера в HR-отделах крупных компаний, кадровых агентствах, консалтинге;обществознание,русский,история;80,82,78;Гуманитарное;Управление персоналом;Москва;4;Бакалавриат
102;РАНХиГС;Управление персоналом;Государственная служба и управление персоналом в госорганах, кадровая работа в министерствах. Изучают особенности госслужбы, кадровую работу в государственных органах, административные регламенты, государственное управление. Карьера в государственных органах, муниципалитетах, государственных корпорациях;обществознание,русский,история;79,81,77;Гуманитарное;Госслужба;Москва;4;Бакалавриат
103;МГУ;Государственное и муниципальное управление;Теория государственного управления, публичная администрация, государственная политика. Изучают системы государственного управления, государственную политику, административные процессы, государственные финансы. Карьера в государственных органах, аналитических центрах, международных организациях, политическом консалтинге;обществознание,русский,история;82,84,80;Гуманитарное;Государственное управление;Москва;4;Бакалавриат
104;НИУ ВШЭ;Государственное и муниципальное управление;Цифровое государственное управление, e-government, GovTech, открытые данные. Изучают цифровые платформы госуслуг, открытые данные, цифровизацию государственных услуг, государственные IT-проекты. Выпускники работают в Минцифры, IT-компаниях, работающих с госсектором, аналитических центрах;обществознание,русский,информатика;81,83,79;Гуманитарное;Цифровое госуправление;Москва;4;Бакалавриат
105;РАНХиГС;Государственное и муниципальное управление;Муниципальное управление, местное самоуправление, развитие территорий, городское управление. Изучают управление городами и районами, местные бюджеты, взаимодействие с населением, муниципальные услуги. Карьера в администрациях городов, муниципалитетах, девелоперских компаниях, общественных организациях;обществознание,русский,история;80,82,78;Гуманитарное;Муниципальное управление;Москва;4;Бакалавриат
106;МГУ;Бизнес-информатика;Управление IT-проектами, архитектура предприятия, бизнес-анализ, IT-стратегии. Изучают управление разработкой ПО, бизнес-процессы, ERP-системы, управление IT-инфраструктурой. Карьера в IT-консалтинге, продуктовом менеджменте, цифровой трансформации, системном анализе;математика,русский,информатика;84,78,83;IT;IT-менеджмент;Москва;4;Бакалавриат
107;НИУ ВШЭ;Бизнес-информатика;Анализ данных для бизнеса, BI-системы, data-driven решения, бизнес-аналитика. Изучают системы бизнес-аналитики, визуализацию данных, машинное обучение для бизнеса, аналитические платформы. Выпускники работают бизнес-аналитиками, BI-специалистами, data product менеджерами, аналитиками данных;математика,русский,информатика;83,77,82;IT;Бизнес-аналитика;Москва;4;Бакалавриат
108;СПбГУ;Бизнес-информатика;Цифровая экономика, электронный бизнес, цифровые платформы, e-commerce. Изучают e-commerce, digital-маркетинг, платформенные бизнес-модели, онлайн-торговлю, цифровые продукты. Карьера в интернет-магазинах, маркетплейсах, digital-агентствах, IT-продуктах;математика,русский,информатика;82,76,81;IT;Цифровая экономика;Санкт-Петербург;4;Бакалавриат
109;МГУ;Менеджмент;Стратегический менеджмент, управление компаниями, корпоративное управление, управление изменениями. Изучают стратегический анализ, конкурентные преимущества, корпоративные стратегии, слияния и поглощения. Карьера в топ-менеджменте, консалтинге, инвестиционных фондах, корпорациях;математика,русский,обществознание;83,81,82;Экономика;Стратегический менеджмент;Москва;4;Бакалавриат
110;НИУ ВШЭ;Менеджмент;Инновационный менеджмент, управление стартапами, венчурные инвестиции, продуктовый менеджмент. Изучают создание инновационных продуктов, привлечение инвестиций, масштабирование бизнеса, продуктовую разработку. Выпускники создают стартапы, работают в венчурных фондах, IT-компаниях, инновационных центрах;математика,русский,обществознание;82,80,81;Экономика;Инновационный менеджмент;Москва;4;Бакалавриат
111;СПбГУ;Менеджмент;Управление проектами, PMI стандарты, agile методологии, управление программами. Изучают планирование проектов, управление рисками, бюджетирование, командообразование, waterfall и agile подходы. Карьера project manager, scrum master, program manager в IT, строительстве, производстве;математика,русский,обществознание;81,79,80;Экономика;Управление проектами;Санкт-Петербург;4;Бакалавриат
112;МГУ;Маркетинг;Теория маркетинга, поведение потребителей, бренд-менеджмент, маркетинговые исследования. Изучают маркетинговые исследования, позиционирование, управление брендами, маркетинговые коммуникации, ценообразование. Карьера в маркетинговых отделах компаний, рекламных агентствах, консалтинге;математика,русский,обществознание;82,80,81;Экономика;Маркетинг;Москва;4;Бакалавриат
113;НИУ ВШЭ;Маркетинг;Цифровой маркетинг, интернет-маркетинг, SMM, контент-маркетинг, performance marketing. Изучают SEO, таргетированную рекламу, аналитику веб-сайтов, email-маркетинг, маркетинг в социальных сетях. Выпускники работают в digital-агентствах, IT-компаниях, на фрилансе, в e-commerce;математика,русский,информатика;81,79,80;Экономика;Цифровой маркетинг;Москва;4;Бакалавриат
114;СПбГУ;Маркетинг;Маркетинговые исследования, анализ рынка, количественные и качественные методы, прогнозирование спроса. Изучают проведение опросов, фокус-групп, анализ конкурентов, рыночные тенденции, статистические методы в маркетинге. Карьера в исследовательских агентствах, аналитических отделах, консалтинге;математика,русский,обществознание;80,78,79;Экономика;Маркетинговые исследования;Санкт-Петербург;4;Бакалавриат
115;МГУ;Финансы и кредит;Корпоративные финансы, управление капиталом, инвестиции, финансовый анализ компаний. Изучают финансовый анализ компаний, оценку активов, дивидендную политику, слияния и поглощения, финансовое планирование. Карьера финансовых директоров, инвестиционных аналитиков, в консалтинге, банках;математика,русский,обществознание;84,82,83;Экономика;Корпоративные финансы;Москва;4;Бакалавриат
116;НИУ ВШЭ;Финансы и кредит;Рынки капитала, инвестиционный банкинг, трейдинг, портфельные инвестиции. Изучают ценные бумаги, деривативы, портфельные инвестиции, финансовые рынки, инвестиционный анализ. Выпускники работают в инвестиционных банках, брокерских компаниях, хедж-фондах, управляющих компаниях;математика,русский,обществознание;83,81,82;Экономика;Инвестиционный банкинг;Москва;4;Бакалавриат
117;СПбГУ;Финансы и кредит;Банковское дело, кредитование, риск-менеджмент в банках, банковские операции. Изучают банковские операции, оценку кредитоспособности, управление банковскими рисками, банковское регулирование, платежные системы. Карьера в коммерческих банках, ЦБ, финансовых учреждениях, финтех-компаниях;математика,русский,обществознание;82,80,81;Экономика;Банковское дело;Санкт-Петербург;4;Бакалавриат
118;РЭУ им. Плеханова;Финансы и кредит;Личные финансы, финансовое планирование, страхование, инвестиции для частных лиц. Изучают управление личными финансами, инвестиции для частных лиц, пенсионное планирование, страховые продукты, налоговое планирование. Выпускники работают финансовыми советниками, в страховых компаниях, банках, управляющих компаниях;математика,русский,обществознание;80,78,79;Экономика;Личные финансы;Москва;4;Бакалавриат
119;МГУ;Бухгалтерский учет, анализ и аудит;Финансовый учет, отчетность, МСФО, консолидация отчетности. Изучают составление финансовой отчетности, учет активов и обязательств, консолидацию отчетности, аудит. Карьера главных бухгалтеров, финансовых контролеров, аудиторов, финансовых аналитиков;математика,русский,обществознание;81,79,80;Экономика;Бухгалтерский учет;Москва;4;Бакалавриат
120;НИУ ВШЭ;Бухгалтерский учет, анализ и аудит;Управленческий учет, бюджетирование, cost accounting, KPI, управленческая отчетность. Изучают учет для принятия управленческих решений, калькуляцию себестоимости, бюджетирование, управленческий контроль. Выпускники работают управленческими бухгалтерами, финансовыми аналитиками, контролерами, в консалтинге;математика,русский,обществознание;80,78,79;Экономика;Управленческий учет;Москва;4;Бакалавриат
121;РЭУ им. Плеханова;Бухгалтерский учет, анализ и аудит;Налоговый учет, налоговое планирование, налоговый консалтинг, налоговые проверки. Изучают налоговое законодательство, оптимизацию налогов, налоговую отчетность, налоговые споры, международное налогообложение. Карьера налоговых консультантов, в налоговых органах, юридических фирмах, компаниях;математика,русский,обществознание;79,77,78;Экономика;Налоговый учет;Москва;4;Бакалавриат
122;МГУ;Мировая экономика;Международная торговля, внешнеэкономическая деятельность, таможенное регулирование, логистика. Изучают международную торговую политику, таможенное регулирование, логистику, валютные операции, международные контракты. Карьера в международных компаниях, внешнеторговых фирмах, государственных органах, логистических компаниях;математика,русский,иностранный язык;83,81,84;Экономика;Международная торговля;Москва;4;Бакалавриат
123;НИУ ВШЭ;Мировая экономика;Международные финансы, валютные рынки, глобальные инвестиции, суверенные фонды. Изучают международные капитальные потоки, валютные курсы, финансирование международных проектов, мировые финансовые рынки. Выпускники работают в международных банках, инвестиционных фондах, транснациональных корпорациях, ЦБ;математика,русский,иностранный язык;82,80,83;Экономика;Международные финансы;Москва;4;Бакалавриат
124;МГИМО;Мировая экономика;Экономика зарубежных стран, региональная экономика мира, экономическая дипломатия. Изучают экономические системы разных стран, особенности развития регионов мира, экономическую географию, международные экономические организации. Карьера в компаниях, работающих на международных рынках, аналитических центрах, дипломатических миссиях;математика,русский,иностранный язык;84,82,85;Экономика;Экономика зарубежных стран;Москва;4;Бакалавриат
125;МГУ;Торговое дело;Розничная торговля, мерчандайзинг, управление магазинами, розничные сети. Изучают организацию торговых пространств, управление ассортиментом, логистику в ритейле, поведение покупателей, мерчандайзинг. Карьера в розничных сетях, торговых компаниях, e-commerce, FMCG компаниях;математика,русский,обществознание;80,78,79;Экономика;Розничная торговля;Москва;4;Бакалавриат
126;РЭУ им. Плеханова;Торговое дело;Оптовая торговля, дистрибуция, управление каналами сбыта, b2b продажи. Изучают организацию поставок, управление дистрибьюторской сетью, складскую логистику, ценообразование, управление запасами. Выпускники работают в дистрибьюторских компаниях, на производстве, в логистике, продажах;математика,русский,обществознание;79,77,78;Экономика;Оптовая торговля;Москва;4;Бакалавриат
127;МГУ;Товароведение;Экспертиза товаров, качество, стандартизация, сертификация, защита прав потребителей. Изучают методы оценки качества товаров, товарную номенклатуру, технические регламенты, стандарты, экспертизу товаров. Карьера в службах качества, таможне, экспертных организациях, Роспотребнадзоре, retail;химия,русский,обществознание;79,77,78;Экономика;Товароведение;Москва;4;Бакалавриат
128;РЭУ им. Плеханова;Товароведение;Товароведение продовольственных товаров, пищевые технологии, безопасность продуктов, хранение. Изучают состав пищевых продуктов, технологию производства, хранение, фальсификацию, пищевую безопасность. Выпускники работают в пищевой промышленности, Роспотребнадзоре, retail, ресторанном бизнесе;химия,русский,биология;78,76,77;Экономика;Продовольственные товары;Москва;4;Бакалавриат
129;МГУ;Логистика;Теория логистики, управление цепями поставок, транспортная логистика, складское хозяйство. Изучают оптимизацию логистических процессов, транспортные системы, складское хозяйство, логистические издержки, управление запасами. Карьера логистов, supply chain менеджеров, в транспортных компаниях, производстве;математика,русский,география;81,79,80;Экономика;Логистика;Москва;4;Бакалавриат
130;НИУ ВШЭ;Логистика;Цифровая логистика, логистика 4.0, supply chain analytics, цифровые платформы в логистике. Изучают цифровые технологии в логистике, аналитику цепей поставок, IoT в логистике, блокчейн в логистике, автоматизацию складов. Выпускники работают в логистических IT-компаниях, e-commerce, аналитических отделах логистических компаний;математика,русский,информатика;80,78,79;Экономика;Цифровая логистика;Москва;4;Бакалавриат
131;МГУ;Туризм;Теория туризма, туристское регионоведение, организация туристской деятельности, туристские ресурсы. Изучают географию туризма, организацию туров, туристское законодательство, маркетинг в туризме, управление туристскими предприятиями. Карьера в туроператорских компаниях, турагентствах, отелях, туристских администрациях;география,русский,обществознание;78,80,77;Экономика;Туризм;Москва;4;Бакалавриат
132;РГГУ;Туризм;Культурный туризм, экскурсоведение, музейный туризм, event-менеджмент в туризме. Изучают культурное наследие, методику проведения экскурсий, музейное дело, организацию событийного туризма. Выпускники работают экскурсоводами, в музеях, event-агентствах, культурных центрах, туристских компаниях;история,русский,обществознание;77,79,76;Экономика;Культурный туризм;Москва;4;Бакалавриат
133;СПбГУ;Туризм;Спортивный туризм, adventure tourism, активный отдых, организация спортивных мероприятий. Изучают организацию спортивных туров, безопасность в туризме, outdoor activities, спортивное снаряжение, маршруты. Карьера в спортивных туроператорах, базах отдыха, туристских клубах, event-агентствах спортивных мероприятий;география,русский,обществознание;76,78,75;Экономика;Спортивный туризм;Санкт-Петербург;4;Бакалавриат
134;Сочинский государственный университет;Туризм;Курортный менеджмент, spa & wellness, гостиничное дело на курортах, оздоровительный туризм. Изучают управление курортами, wellness-технологии, гостиничный бизнес, оздоровительные программы, курортную инфраструктуру. Выпускники работают в отелях, санаториях, spa-центрах, курортных администрациях;география,русский,обществознание;75,77,74;Экономика;Курортный менеджмент;Сочи;4;Бакалавриат
135;МГУ;Гостиничное дело;Управление отелями, гостиничный менеджмент, сервис в гостиничном бизнесе, revenue management. Изучают управление гостиничными предприятиями, сервисные стандарты, управление доходами, бронирование, front office и back office. Карьера в отелях, гостиничных сетях, управляющих компаниях, туризме;русский,иностранный язык,обществознание;78,80,77;Экономика;Гостиничный менеджмент;Москва;4;Бакалавриат
136;РГГУ;Гостиничное дело;Исторические отели, boutique hotels, управление наследием в гостиничном бизнесе. Изучают управление историческими отелями, реставрацию гостиничных зданий, создание атмосферы, niche hospitality. Выпускники работают в бутик-отелях, исторических гостиницах, дизайн-отелях, hospitality консалтинге;история,русский,иностранный язык;77,79,76;Экономика;Бутик-отели;Москва;4;Бакалавриат
137;СПбГУ;Гостиничное дело;Гостиничный бизнес в культурных столицах, event-ориентированные отели, MICE индустрия. Изучают организацию мероприятий в отелях, MICE туризм, управление конгресс-отелями, культурные события. Карьера в event-отелях, конгресс-центрах, организаторах мероприятий, туристских администрациях;русский,иностранный язык,обществознание;76,78,75;Экономика;Event-отели;Санкт-Петербург;4;Бакалавриат
138;РУДН;Гостиничное дело;Международный гостиничный бизнес, кросс-культурный менеджмент, гостиничные цепи. Изучают международные гостиничные стандарты, кросс-культурные особенности, управление международными гостиничными сетями. Выпускники работают в международных гостиничных сетях, за рубежом, в компаниях с международным клиентом;русский,иностранный язык,обществознание;77,79,76;Экономика;Международный гостиничный бизнес;Москва;4;Бакалавриат
139;МГУ;Реклама и связи с общественностью;Теория рекламы, креатив в рекламе, медиапланирование, бренд-коммуникации. Изучают создание рекламных кампаний, креативные концепции, медиапланирование, управление репутацией, digital коммуникации. Карьера в рекламных агентствах, PR-отделах компаний, медиа, digital-агентствах;русский,обществознание,история;81,83,80;Экономика;Реклама;Москва;4;Бакалавриат
140;НИУ ВШЭ;Реклама и связи с общественностью;Digital PR, SMM, контент-маркетинг, influencer marketing, медиааналитика. Изучают digital коммуникации, работу в социальных сетях, контент-стратегии, работу с блогерами, аналитику медиа. Выпускники работают в digital-агентствах, IT-компаниях, медиа, на фрилансе;русский,обществознание,информатика;80,82,79;Экономика;Digital PR;Москва;4;Бакалавриат
141;СПбГУ;Реклама и связи с общественностью;Корпоративные коммуникации, GR, управление репутацией, кризисные коммуникации. Изучают корпоративные коммуникации, взаимодействие с государством, управление репутацией, антикризисный PR. Карьера в PR-отделах корпораций, GR-агентствах, консалтинге, государственных структурах;русский,обществознание,история;79,81,78;Экономика;Корпоративные коммуникации;Санкт-Петербург;4;Бакалавриат
142;МГУ;Социальная работа;Теория социальной работы, социальная политика, социальное обслуживание, социальная защита. Изучают методы социальной работы, социальную политику, работу с различными группами населения, социальные услуги. Карьера в социальных службах, государственных органах, НКО, благотворительных организациях;обществознание,русский,история;78,80,77;Гуманитарное;Социальная работа;Москва;4;Бакалавриат
143;НИУ ВШЭ;Социальная работа;Социальное предпринимательство, управление НКО, фандрайзинг, социальные инновации. Изучают социальное предпринимательство, управление некоммерческими организациями, привлечение финансирования, социальные проекты. Выпускники работают в НКО, социальных стартапах, благотворительных фондах, социальном бизнесе;обществознание,русский,математика;77,79,76;Гуманитарное;Социальное предпринимательство;Москва;4;Бакалавриат
144;СПбГУ;Социальная работа;Геронтологическая социальная работа, работа с пожилыми людьми, социальная геронтология. Изучают особенности работы с пожилыми людьми, социальную геронтологию, организацию услуг для пожилых, долговременный уход. Карьера в социальных службах для пожилых, домах престарелых, геронтологических центрах;обществознание,русский,биология;76,78,75;Гуманитарное;Геронтологическая работа;Санкт-Петербург;4;Бакалавриат
145;МГУ;Конфликтология;Теория конфликтов, медиация, переговорный процесс, разрешение конфликтов. Изучают теорию конфликтов, методы медиации, переговорные техники, управление конфликтами в организациях. Карьера медиаторов, переговорщиков, в HR, государственных органах, консалтинге;обществознание,русский,история;79,81,78;Гуманитарное;Конфликтология;Москва;4;Бакалавриат
146;НИУ ВШЭ;Конфликтология;Организационная конфликтология, управление конфликтами в бизнесе, корпоративная медиация. Изучают конфликты в организациях, корпоративную медиацию, управление персоналом в конфликтных ситуациях, организационную психологию. Выпускники работают в HR-отделах, консалтинге, корпоративных службах разрешения конфликтов;обществознание,русский,математика;78,80,77;Гуманитарное;Организационная конфликтология;Москва;4;Бакалавриат
147;МГУ;Зарубежное регионоведение;Европейские исследования, страны Европы, языки Европы, европейская интеграция. Изучают страны Европы, европейские языки, политику и экономику Европы, европейскую интеграцию, культуру Европы. Карьера в международных компаниях, государственных органах, дипломатии, аналитических центрах;история,русский,иностранный язык;82,84,83;Гуманитарное;Европейские исследования;Москва;4;Бакалавриат
148;МГИМО;Зарубежное регионоведение;Американские исследования, США и Канада, трансатлантические отношения, политика США. Изучают США и Канаду, американскую политику и экономику, трансатлантические отношения, английский язык. Выпускники работают в компаниях, работающих с Северной Америкой, дипломатических миссиях, аналитических центрах;история,русский,иностранный язык;83,85,84;Гуманитарное;Американские исследования;Москва;4;Бакалавриат
149;ДВФУ;Зарубежное регионоведение;Азиатско-Тихоокеанский регион, Китай, Япония, Корея, восточные языки. Изучают страны АТР, китайский, японский, корейский языки, экономику и политику Азии, культуру Востока. Карьера в компаниях, работающих с Азией, консульствах, туризме, переводе;история,русский,иностранный язык;80,82,81;Гуманитарное;АТР исследования;Владивосток;4;Бакалавриат
150;КФУ;Зарубежное регионоведение;Исламский мир, Ближний Восток, арабские страны, тюркский мир. Изучают страны исламского мира, арабский, турецкий языки, исламскую культуру, политику Ближнего Востока. Выпускники работают в нефтегазовых компаниях, дипломатических миссиях, переводе, аналитических центрах;история,русский,иностранный язык;79,81,80;Гуманитарное;Исламский мир;Казань;4;Бакалавриат
151;МГУ;Востоковедение и африканистика;Классическое востоковедение, древние языки Востока, история и культура Востока. Изучают древние восточные языки, историю и культуру древнего Востока, восточные рукописи, археологию Востока. Карьера в научных институтах, музеях, архивах, университетах, переводе древних текстов;история,русский,иностранный язык;81,83,82;Гуманитарное;Классическое востоковедение;Москва;4;Бакалавриат
152;МГИМО;Востоковедение и африканистика;Современный Китай, китайский язык, экономика и политика Китая, китайско-российские отношения. Изучают современный Китай, китайский язык, экономику и политику Китая, международные отношения Китая. Выпускники работают в компаниях, работающих с Китаем, дипломатических миссиях, аналитических центрах;история,русский,иностранный язык;82,84,83;Гуманитарное;Китаеведение;Москва;4;Бакалавриат
153;СПбГУ;Востоковедение и африканистика;Япония и Корея, японский и корейский языки, культура Японии и Кореи. Изучают Японию и Корею, японский и корейский языки, культуру и историю этих стран, экономику Восточной Азии. Карьера в компаниях, работающих с Японией и Кореей, переводе, туризме, культурных центрах;история,русский,иностранный язык;80,82,81;Гуманитарное;Японистика и кореистика;Санкт-Петербург;4;Бакалавриат
154;ИСАА МГУ;Востоковедение и африканистика;Арабские страны, арабский язык, исламская культура, современный Ближний Восток. Изучают арабские страны, арабский язык, исламскую культуру, политику и экономику Ближнего Востока. Выпускники работают в нефтегазовых компаниях, дипломатических миссиях, СМИ, переводе;история,русский,иностранный язык;79,81,80;Гуманитарное;Арабистика;Москва;4;Бакалавриат
155;МГУ;Теология;Православное богословие, история Церкви, церковные дисциплины, библеистика. Изучают православное богословие, историю Церкви, Священное Писание, литургику, патрологию. Карьера в религиозных организациях, преподавании, научных исследованиях, церковных структурах;русский,история,обществознание;78,80,77;Гуманитарное;Православное богословие;Москва;4;Бакалавриат
156;ПСТГУ;Теология;Православная теология, церковная история, библейские исследования, патрология. Изучают православное вероучение, историю Церкви, Священное Писание, творения отцов Церкви, церковное искусство. Выпускники работают в Церкви, преподавании, церковных СМИ, религиозном образовании;русский,история,обществознание;77,79,76;Гуманитарное;Православная теология;Москва;4;Бакалавриат
157;РГГУ;Теология;История религий, сравнительное религиоведение, феноменология религии, религиозная антропология. Изучают историю религий мира, сравнительное религиоведение, феноменологию религии, антропологию религии. Карьера в научных исследованиях, преподавании, музейной работе, межрелигиозном диалоге;история,русский,обществознание;76,78,75;Гуманитарное;История религий;Москва;4;Бакалавриат
158;КФУ;Теология;Исламская теология, исламское право, коранистика, история ислама. Изучают исламское вероучение, исламское право, Коран и Сунну, историю ислама, исламскую философию. Выпускники работают в мусульманских организациях, преподавании, межрелигиозном диалоге, научных исследованиях;русский,история,обществознание;75,77,74;Гуманитарное;Исламская теология;Казань;4;Бакалавриат
159;МГУ;Фундаментальная и прикладная лингвистика;Математическая лингвистика, формальные модели языка, компьютерная лингвистика, корпусная лингвистика. Изучают математические методы в лингвистике, формальные грамматики, компьютерную обработку текста, создание лингвистических корпусов. Карьера в IT-компаниях (NLP), научных исследованиях, разработке лингвистического софта;математика,русский,иностранный язык;83,85,84;Science;Математическая лингвистика;Москва;4;Бакалавриат
160;НИУ ВШЭ;Фундаментальная и прикладная лингвистика;Вычислительная лингвистика, NLP, машинный перевод, обработка естественного языка. Изучают алгоритмы обработки естественного языка, машинный перевод, анализ текста, лингвистические ресурсы. Выпускники работают в IT-компаниях (Яндекс, Google), разработке чат-ботов, анализе текстов;математика,русский,информатика;82,84,83;Science;Вычислительная лингвистика;Москва;4;Бакалавриат
161;СПбГУ;Фундаментальная и прикладная лингвистика;Лингвистическая типология, языки мира, полевая лингвистика, документация языков. Изучают языки мира, лингвистическую типологию, методы полевой лингвистики, документацию малых языков. Карьера в научных исследованиях, экспедициях, преподавании, создании словарей и грамматик;русский,иностранный язык,история;81,83,82;Science;Лингвистическая типология;Санкт-Петербург;4;Бакалавриат
162;НГУ;Фундаментальная и прикладная лингвистика;Сибирские языки, тюркские языки Сибири, полевая лингвистика в Сибири. Изучают языки народов Сибири, тюркские языки, методы полевой лингвистики, документацию сибирских языков. Выпускники работают в научных институтах Сибири, экспедициях, преподавании, создании учебников для малых народов;русский,иностранный язык,история;78,80,79;Science;Сибирские языки;Новосибирск;4;Бакалавриат
163;МГУ;Фундаментальная информатика и информационные технологии;Теоретическая информатика, алгоритмы, формальные методы, математические основы информатики. Изучают теорию алгоритмов, формальные методы, логику в информатике, математические модели вычислений. Карьера в научных исследованиях, разработке алгоритмов, IT-компаниях, академической информатике;математика,русский,информатика;86,78,87;IT;Теоретическая информатика;Москва;4;Бакалавриат
164;МФТИ;Фундаментальная информатика и информационные технологии;Квантовые вычисления, квантовые алгоритмы, квантовая информация, математическая физика. Изучают квантовые вычисления, квантовые алгоритмы, квантовую информацию, математические основы квантовой информатики. Выпускники работают в исследовательских центрах квантовых технологий, IT-компаниях, научных институтах;математика,русский,физика;87,79,88;IT;Квантовые вычисления;Москва;4;Бакалавриат
165;СПбГУ;Фундаментальная информатика и информационные технологии;Биоинформатика, вычислительная биология, анализ геномных данных, системная биология. Изучают алгоритмы биоинформатики, анализ геномных данных, моделирование биологических систем, статистику в биологии. Карьера в биоинформатических компаниях, фармацевтических компаниях, научно-исследовательских институтах;математика,русский,информатика;84,76,85;IT;Биоинформатика;Санкт-Петербург;4;Бакалавриат
166;НГУ;Фундаментальная информатика и информационные технологии;Высокопроизводительные вычисления, параллельные алгоритмы, суперкомпьютерное моделирование. Изучают параллельные вычисления, алгоритмы для суперкомпьютеров, моделирование на суперкомпьютерах, архитектуру вычислительных систем. Выпускники работают в суперкомпьютерных центрах, научных институтах, IT-компаниях, занимающихся HPC;математика,русский,информатика;83,75,84;IT;Суперкомпьютерные вычисления;Новосибирск;4;Бакалавриат
167;МГУ;Прикладная информатика;Информационные системы в экономике, бизнес-аналитика, корпоративные информационные системы. Изучают разработку информационных систем для бизнеса, бизнес-аналитику, ERP-системы, базы данных в экономике. Карьера в IT-отделах компаний, консалтинге, разработке бизнес-приложений, системном анализе;математика,русский,информатика;84,78,85;IT;Информационные системы в экономике;Москва;4;Бакалавриат
168;НИУ ВШЭ;Прикладная информатика;Data Science, машинное обучение, анализ данных, big data в бизнесе. Изучают машинное обучение, анализ данных, big data технологии, статистику, визуализацию данных. Выпускники работают data scientist, аналитиками данных, ML-инженерами в IT-компаниях и банках;математика,русский,информатика;83,77,84;IT;Data Science;Москва;4;Бакалавриат
169;СПбГУ;Прикладная информатика;Геоинформационные системы, картография, дистанционное зондирование, пространственные данные. Изучают ГИС технологии, картографию, обработку спутниковых снимков, пространственный анализ, разработку ГИС-приложений. Карьера в ГИС-компаниях, картографических сервисах, экологическом мониторинге, урбанистике;математика,русский,информатика;82,76,83;IT;Геоинформационные системы;Санкт-Петербург;4;Бакалавриат
170;НГУ;Прикладная информатика;Информационные системы в науке, научные вычисления, обработка научных данных. Изучают разработку информационных систем для науки, обработку научных данных, визуализацию научных результатов, базы данных в науке. Выпускники работают в научных институтах, исследовательских центрах, IT-компаниях, работающих с наукой;математика,русский,информатика;81,75,82;IT;Информационные системы в науке;Новосибирск;4;Бакалавриат
171;МГУ;Инноватика;Управление инновациями, технологическое предпринимательство, управление НИОКР, трансфер технологий. Изучают управление инновационными проектами, технологическое предпринимательство, управление исследованиями и разработками, коммерциализацию технологий. Карьера в инновационных компаниях, венчурных фондах, R&D отделах, технопарках;математика,русский,обществознание;82,80,81;Экономика;Управление инновациями;Москва;4;Бакалавриат
172;НИУ ВШЭ;Инноватика;Технологическое предпринимательство, стартап-менеджмент, венчурные инвестиции, инновационные экосистемы. Изучают создание технологических стартапов, привлечение венчурных инвестиций, управление стартапами, инновационные бизнес-модели. Выпускники создают стартапы, работают в венчурных фондах, акселераторах, инновационных центрах;математика,русский,обществознание;81,79,80;Экономика;Технологическое предпринимательство;Москва;4;Бакалавриат
173;МФТИ;Инноватика;Научно-технологические инновации, коммерциализация научных разработок, deep tech стартапы. Изучают коммерциализацию научных разработок, создание deep tech стартапов, управление научно-технологическими проектами, интеллектуальную собственность. Карьера в научно-технологических стартапах, технопарках, венчурных фондах, специализирующихся на deep tech;математика,русский,физика;83,81,84;Экономика;Научно-технологические инновации;Москва;4;Бакалавриат
174;ИТМО;Инноватика;ИТ-инновации, digital продукты, agile инновации, продуктовый менеджмент в IT. Изучают создание IT-инноваций, разработку digital продуктов, agile подходы в инновациях, продуктовый менеджмент. Выпускники работают в IT-стартапах, продуктовых командах, инновационных отделах IT-компаний;математика,русский,информатика;82,80,83;Экономика;ИТ-инновации;Санкт-Петербург;4;Бакалавриат
175;ТГУ;Инноватика;Инновации в образовании, EdTech, образовательные технологии, цифровизация образования. Изучают инновации в образовании, образовательные технологии, EdTech продукты, цифровизацию учебного процесса. Карьера в EdTech компаниях, образовательных учреждениях, разработке образовательных платформ, консалтинге в образовании;математика,русский,обществознание;79,77,78;Экономика;Инновации в образовании;Томск;4;Бакалавриат
176;МГУ;Землеустройство и кадастры;Земельный кадастр, оценка земли, земельные отношения, кадастровая деятельность. Изучают земельный кадастр, оценку земельных участков, земельное законодательство, кадастровые работы, ГИС в землеустройстве. Карьера в кадастровых службах, риелторских компаниях, оценке недвижимости, государственных органах;математика,русский,география;80,78,79;Экономика;Земельный кадастр;Москва;4;Бакалавриат
177;ГУЗ;Землеустройство и кадастры;Городской кадастр, кадастр недвижимости, оценка городских земель, градостроительный кадастр. Изучают городской кадастр, кадастр недвижимости, оценку городских земель, градостроительное зонирование, городское планирование. Выпускники работают в городских администрациях, кадастровых службах, девелоперских компаниях, оценке недвижимости;математика,русский,география;79,77,78;Экономика;Городской кадастр;Москва;4;Бакалавриат
178;СПбГУ;Землеустройство и кадастры;Морской кадастр, кадастр морских акваторий, прибрежные территории, морское право. Изучают морской кадастр, кадастр морских акваторий, управление прибрежными территориями, морское право в кадастре. Карьера в морских администрациях, портовых управлениях, прибрежных регионах, государственных органах управления морскими ресурсами;математика,русский,география;78,76,77;Экономика;Морской кадастр;Санкт-Петербург;4;Бакалавриат
179;ДВФУ;Землеустройство и кадастры;Кадастр природных ресурсов, лесной кадастр, кадастр месторождений, природопользование. Изучают кадастр природных ресурсов, лесной кадастр, кадастр месторождений, управление природными ресурсами, экологический кадастр. Выпускники работают в природоресурсных ведомствах, лесном хозяйстве, горнодобывающих компаниях, экологических службах;математика,русский,география;77,75,76;Экономика;Кадастр природных ресурсов;Владивосток;4;Бакалавриат
180;УрФУ;Землеустройство и кадастры;Промышленный кадастр, кадастр промышленных земель, землеустройство промышленных территорий. Изучают промышленный кадастр, кадастр промышленных земель, землеустройство промышленных территорий, оценку промышленных земель. Карьера в промышленных компаниях, администрациях промышленных регионов, кадастровых службах, оценке промышленной недвижимости;математика,русский,география;76,74,75;Экономика;Промышленный кадастр;Екатеринбург;4;Бакалавриат
181;МГУ;Экология и природопользование;Общая экология, природопользование, охрана окружающей среды, экологический мониторинг. Изучают экологические системы, природопользование, охрану окружающей среды, экологический мониторинг, экологическое право. Карьера в экологических службах, природоохранных организациях, государственных органах, научных институтах;география,русский,биология;80,78,79;Science;Экология;Москва;4;Бакалавриат
182;НИУ ВШЭ;Экология и природопользование;Экономика природопользования, экологический менеджмент, устойчивое развитие, green economy. Изучают экономику природопользования, экологический менеджмент, устойчивое развитие, зеленую экономику, экологические финансы. Выпускники работают в компаниях, внедряющих экологические стандарты, консалтинге, государственных органах, международных организациях;география,русский,обществознание;79,77,78;Science;Экономика природопользования;Москва;4;Бакалавриат
183;СПбГУ;Экология и природопользование;Экология города, урбоэкология, экологическое планирование городов, зеленые технологии в городах. Изучают экологию города, урбоэкологию, экологическое планирование, зеленые технологии, управление городской средой. Карьера в городских администрациях, экологических службах городов, девелоперских компаниях, консалтинге;география,русский,биология;78,76,77;Science;Экология города;Санкт-Петербург;4;Бакалавриат
184;ДВФУ;Экология и природопользование;Морская экология, охрана морской среды, прибрежно-морское природопользование. Изучают морскую экологию, охрану морской среды, прибрежно-морское природопользование, морские охраняемые территории. Выпускники работают в морских заповедниках, рыбохозяйственных организациях, экологических службах портов, научно-исследовательских институтах;география,русский,биология;77,75,76;Science;Морская экология;Владивосток;4;Бакалавриат
185;УрФУ;Экология и природопользование;Промышленная экология, экология горнодобывающих регионов, рекультивация нарушенных земель. Изучают промышленную экологию, экологию горнодобывающих регионов, рекультивацию нарушенных земель, экологический контроль на производствах. Карьера в промышленных компаниях, экологических службах промышленных предприятий, государственных контролирующих органах;география,русский,химия;76,74,75;Science;Промышленная экология;Екатеринбург;4;Бакалавриат
186;МГУ;Картография и геоинформатика;Картография, топография, геодезия, создание карт, картографические проекции. Изучают картографию, топографию, геодезию, создание карт, картографические проекции, дизайн карт. Карьера в картографических службах, ГИС-компаниях, издательствах карт, навигационных сервисах;математика,русский,география;81,79,80;Science;Картография;Москва;4;Бакалавриат
187;МГУ;Картография и геоинформатика;Геоинформатика, ГИС, пространственный анализ, разработка ГИС-приложений. Изучают геоинформационные системы, пространственный анализ, разработку ГИС-приложений, базы пространственных данных, дистанционное зондирование. Выпускники работают в ГИС-компаниях, картографических сервисах, экологическом мониторинге, урбанистике;математика,русский,информатика;82,80,81;Science;Геоинформатика;Москва;4;Бакалавриат
188;СПбГУ;Картография и геоинформатика;Морская картография, навигационные карты, батиметрия, гидрографические работы. Изучают морскую картографию, навигационные карты, батиметрию, гидрографические работы, морскую геодезию. Карьера в гидрографических службах, морской навигации, портовых управлениях, научно-исследовательских судах;математика,русский,география;80,78,79;Science;Морская картография;Санкт-Петербург;4;Бакалавриат
189;МГУ;Гидрология;Гидрология суши, водные ресурсы, гидрологические расчеты, регулирование речного стока. Изучают гидрологию суши, водные ресурсы, гидрологические расчеты, регулирование речного стока, гидрологический мониторинг. Карьера в гидрологических службах, водохозяйственных организациях, проектных институтах, экологических службах;география,русский,математика;80,78,79;Science;Гидрология суши;Москва;4;Бакалавриат
190;СПбГУ;Гидрология;Гидрология моря, физика моря, морские течения, приливы, взаимодействие океана и атмосферы. Изучают гидрологию моря, физику моря, морские течения, приливы, взаимодействие океана и атмосферы, морскую метеорологию. Выпускники работают в океанологических институтах, гидрометеослужбах, морской навигации, научно-исследовательских центрах;география,русский,математика;79,77,78;Science;Гидрология моря;Санкт-Петербург;4;Бакалавриат
191;МГУ;Метеорология;Синоптическая метеорология, прогноз погоды, атмосферные процессы, климатология. Изучают синоптическую метеорологию, прогноз погоды, атмосферные процессы, климатологию, спутниковую метеорологию. Карьера в гидрометеослужбах, авиации, сельском хозяйстве, телевидении, научных институтах;география,русский,математика;81,79,80;Science;Метеорология;Москва;4;Бакалавриат
192;МГУ;Климатология;Изменение климата, палеоклиматология, климатическое моделирование, глобальные климатические процессы. Изучают изменение климата, палеоклиматологию, климатическое моделирование, глобальные климатические процессы, климатическую политику. Выпускники работают в научно-исследовательских институтах, международных климатических организациях, экологических службах, консалтинге;география,русский,математика;80,78,79;Science;Климатология;Москва;4;Бакалавриат
193;МГУ;Океанология;Физическая океанология, динамика океана, термохалинная циркуляция, волновые процессы. Изучают физическую океанологию, динамику океана, термохалинную циркуляцию, волновые процессы, океанографические приборы. Карьера в океанологических институтах, на исследовательских судах, в морской геологии, рыболовстве, экологическом мониторинге;география,русский,математика;81,79,80;Science;Физическая океанология;Москва;4;Бакалавриат
194;СПбГУ;Океанология;Химическая океанология, морская химия, биогеохимия океана, загрязнение морской среды. Изучают химическую океанологию, морскую химию, биогеохимию океана, загрязнение морской среды, морскую экологическую химию. Выпускники работают в океанологических институтах, экологических службах, морских заповедниках, научных экспедициях;химия,русский,математика;80,78,79;Science;Химическая океанология;Санкт-Петербург;4;Бакалавриат
195;ДВФУ;Океанология;Биологическая океанология, морская биология, планктон, морские экосистемы, биоресурсы океана. Изучают биологическую океанологию, морскую биологию, планктон, морские экосистемы, биоресурсы океана, ихтиологию. Карьера в морских биологических станциях, рыбохозяйственных институтах, океанариумах, научно-исследовательских судах;биология,русский,математика;79,77,78;Science;Биологическая океанология;Владивосток;4;Бакалавриат
196;МГУ;Почвоведение;Генезис почв, география почв, классификация почв, почвенное картирование, плодородие почв. Изучают генезис почв, географию почв, классификацию почв, почвенное картирование, плодородие почв, мелиорацию. Карьера в сельскохозяйственных институтах, экологических организациях, землеустройстве, научных станциях, заповедниках;география,русский,химия;80,78,79;Science;Почвоведение;Москва;4;Бакалавриат
197;МГУ;Геология;Общая геология, минералогия, петрография, литология, структурная геология, геологическое картирование. Изучают общую геологию, минералогию, петрографию, литологию, структурную геологию, геологическое картирование, полевую геологию. Карьера в геологических экспедициях, научных институтах, горнодобывающих компаниях, нефтегазовых компаниях;география,русский,математика;82,80,81;Science;Геология;Москва;4;Бакалавриат
198;СПбГУ;Геология;Историческая геология, стратиграфия, палеонтология, геохронология, эволюция Земли. Изучают историческую геологию, стратиграфию, палеонтологию, геохронологию, эволюцию Земли, ископаемые организмы. Выпускники работают в геологических музеях, научных институтах, палеонтологических экспедициях, нефтегазовой геологии;география,русский,математика;81,79,80;Science;Историческая геология;Санкт-Петербург;4;Бакалавриат
199;МГУ;Геофизика;Сейсмология, гравиметрия, магнитометрия, разведочная геофизика, геофизические методы исследований. Изучают сейсмологию, гравиметрию, магнитометрию, разведочную геофизику, геофизические методы исследований Земли. Карьера в геофизических компаниях, сейсмологических службах, нефтегазовой разведке, научных институтах;математика,русский,физика;83,81,84;Science;Геофизика;Москва;4;Бакалавриат
200;МФТИ;Геофизика;Физика Земли, внутреннее строение Земли, геодинамика, физика землетрясений, мантия и ядро Земли. Изучают физику Земли, внутреннее строение Земли, геодинамику, физику землетрясений, мантию и ядро Земли, теоретическую геофизику. Выпускники работают в научно-исследовательских институтах геофизики, сейсмологических центрах, академической науке;математика,русский,физика;84,82,85;Science;Физика Земли;Москва;4;Бакалавриат
201;МГУ;Геохимия;Геохимия элементов, изотопная геохимия, геохимия процессов, геохимические методы поиска. Изучают геохимию элементов, изотопную геохимию, геохимию процессов, геохимические методы поиска полезных ископаемых, геохимию окружающей среды. Карьера в геохимических экспедициях, научных институтах, экологических службах, горнодобывающих компаниях;химия,русский,математика;82,80,81;Science;Геохимия;Москва;4;Бакалавриат
202;МГУ;Гидрогеология;Подземные воды, гидрогеология, поиск и разведка подземных вод, охрана подземных вод. Изучают подземные воды, гидрогеологию, поиск и разведку подземных вод, охрану подземных вод, гидрогеологическое моделирование. Выпускники работают в гидрогеологических экспедициях, водохозяйственных организациях, экологических службах, научных институтах;география,русский,математика;80,78,79;Science;Гидрогеология;Москва;4;Бакалавриат
203;МГУ;Инженерная геология;Инженерно-геологические изыскания, грунты, основания сооружений, геотехника, инженерная геодинамика. Изучают инженерно-геологические изыскания, грунты, основания сооружений, геотехнику, инженерную геодинамику, геологические риски. Карьера в изыскательских организациях, строительных компаниях, проектных институтах, государственных экспертизах;география,русский,математика;81,79,80;Science;Инженерная геология;Москва;4;Бакалавриат
204;МГУ;Горное дело;Разработка месторождений полезных ископаемых, открытые и подземные горные работы, горные машины. Изучают разработку месторождений полезных ископаемых, открытые и подземные горные работы, горные машины, взрывное дело, маркшейдерию. Карьера в горнодобывающих компаниях, проектных институтах, горном машиностроении, государственных органах;математика,русский,физика;81,79,82;Инженерия;Горное дело;Москва;4;Бакалавриат
205;СПбГУ;Горное дело;Морское горное дело, разработка морских месторождений, offshore добыча, подводная горная техника. Изучают морское горное дело, разработку морских месторождений, offshore добычу, подводную горную технику, морскую геотехнологию. Выпускники работают в offshore компаниях, морских горнодобывающих проектах, судостроении для горной промышленности, научно-исследовательских институтах;математика,русский,физика;80,78,81;Инженерия;Морское горное дело;Санкт-Петербург;4;Бакалавриат
206;УрФУ;Горное дело;Горное дело на Урале, разработка глубоких рудников, подземная добыча, геотехнология. Изучают горное дело на Урале, разработку глубоких рудников, подземную добычу, геотехнологию, рудничную аэрологию. Карьера в горнодобывающих компаниях Урала, проектных институтах, горном машиностроении, научных центрах;математика,русский,физика;79,77,80;Инженерия;Горное дело Урала;Екатеринбург;4;Бакалавриат
207;ТПУ;Нефтегазовое дело;Бурение нефтяных и газовых скважин, технологии бурения, буровые растворы, крепление скважин. Изучают бурение нефтяных и газовых скважин, технологии бурения, буровые растворы, крепление скважин, управление бурением. Выпускники работают в буровых компаниях, сервисных фирмах, нефтегазовых компаниях, на буровых установках;математика,русский,физика;78,76,79;Инженерия;Бурение;Томск;4;Бакалавриат
208;РГУ нефти и газа;Нефтегазовое дело;Разработка нефтяных и газовых месторождений, моделирование пластов, увеличение нефтеотдачи. Изучают разработку нефтяных и газовых месторождений, моделирование пластов, увеличение нефтеотдачи, управление разработкой, промысловую геологию. Карьера в нефтегазовых компаниях, сервисных фирмах, научно-исследовательских институтах, проектных организациях;математика,русский,физика;79,77,80;Инженерия;Разработка месторождений;Москва;4;Бакалавриат
209;УГНТУ;Нефтегазовое дело;Транспорт и хранение нефти и газа, магистральные трубопроводы, подземные хранилища газа. Изучают транспорт и хранение нефти и газа, магистральные трубопроводы, подземные хранилища газа, насосные и компрессорные станции, коррозионную защиту. Выпускники работают в трубопроводных компаниях, газотранспортных системах, службах эксплуатации хранилищ;математика,русский,физика;78,76,79;Инженерия;Транспортировка нефти и газа;Уфа;4;Бакалавриат
210;МГУ;Техносферная безопасность;Промышленная безопасность, охрана труда, управление рисками, безопасность технологических процессов. Изучают промышленную безопасность, охрану труда, управление рисками, безопасность технологических процессов, расследование аварий. Карьера в службах охраны труда и промышленной безопасности, государственных инспекциях, консалтинге, на предприятиях;математика,русский,физика;79,77,78;Инженерия;Промышленная безопасность;Москва;4;Бакалавриат
211;МИСИС;Техносферная безопасность;Безопасность в металлургии и горном деле, опасные производства, аварийные ситуации в промышленности. Изучают безопасность в металлургии и горном деле, опасные производства, аварийные ситуации в промышленности, взрывобезопасность, радиационную безопасность. Выпускники работают на металлургических и горнодобывающих предприятиях, в государственных инспекциях, научно-исследовательских институтах;математика,русский,физика;78,76,77;Инженерия;Безопасность в металлургии;Москва;4;Бакалавриат
212;МИФИ;Техносферная безопасность;Ядерная и радиационная безопасность, безопасность ядерных объектов, радиационный контроль. Изучают ядерную и радиационную безопасность, безопасность ядерных объектов, радиационный контроль, защиту от ионизирующих излучений, ядерное наследие. Карьера на АЭС, в Росатоме, радиационных службах, научно-исследовательских институтах, государственных инспекциях;математика,русский,физика;80,78,81;Инженерия;Ядерная безопасность;Москва;4;Бакалавриат
213;МГУ;Природообустройство и водопользование;Мелиорация земель, орошение, осушение, водное хозяйство, гидромелиоративные системы. Изучают мелиорацию земель, орошение, осушение, водное хозяйство, гидромелиоративные системы, управление водными ресурсами. Карьера в мелиоративных службах, водохозяйственных организациях, сельском хозяйстве, проектных институтах;математика,русский,география;78,76,77;Инженерия;Мелиорация;Москва;4;Бакалавриат
214;Донской ГАУ;Природообустройство и водопользование;Мелиорация в засушливых регионах, орошение в степной зоне, водосберегающие технологии. Изучают мелиорацию в засушливых регионах, орошение в степной зоне, водосберегающие технологии, капельное орошение, управление оросительными системами. Выпускники работают в сельскохозяйственных предприятиях юга России, мелиоративных службах, проектных организациях;математика,русский,география;76,74,75;Инженерия;Мелиорация засушливых регионов;Ростов-на-Дону;4;Бакалавриат
215;МГУ;Агрономия;Растениеводство, селекция растений, защита растений, агрохимия, земледелие. Изучают растениеводство, селекцию растений, защиту растений, агрохимию, земледелие, сельскохозяйственные технологии. Карьера в сельскохозяйственных предприятиях, селекционных центрах, агрохимических службах, научно-исследовательских институтах;биология,русский,химия;78,76,77;Science;Агрономия;Москва;4;Бакалавриат
216;КубГАУ;Агрономия;Агрономия в южных регионах, субтропическое растениеводство, виноградарство, плодоводство. Изучают агрономию в южных регионах, субтропическое растениеводство, виноградарство, плодоводство, овощеводство в теплицах. Выпускники работают в сельскохозяйственных предприятиях Краснодарского края, винодельческих компаниях, плодоовощных хозяйствах;биология,русский,химия;76,74,75;Science;Агрономия юга;Краснодар;4;Бакалавриат
217;МГУ;Зоотехния;Животноводство, разведение сельскохозяйственных животных, кормление животных, генетика животных. Изучают животноводство, разведение сельскохозяйственных животных, кормление животных, генетику животных, технологию производства продуктов животноводства. Карьера в животноводческих предприятиях, племенных заводах, кормовых компаниях, научно-исследовательских институтах;биология,русский,химия;77,75,76;Science;Зоотехния;Москва;4;Бакалавриат
218;Воронежский ГАУ;Зоотехния;Свиноводство, птицеводство, интенсивное животноводство, современные технологии в животноводстве. Изучают свиноводство, птицеводство, интенсивное животноводство, современные технологии в животноводстве, автоматизацию животноводческих ферм. Выпускники работают в свиноводческих и птицеводческих комплексах, агрохолдингах, компаниях-производителях оборудования;биология,русский,химия;75,73,74;Science;Свиноводство и птицеводство;Воронеж;4;Бакалавриат
219;МГУ;Ветеринария;Диагностика и лечение болезней животных, ветеринарная хирургия, терапия, профилактика заболеваний. Изучают диагностику и лечение болезней животных, ветеринарную хирургию, терапию, профилактику заболеваний, ветеринарную фармакологию. Карьера в ветеринарных клиниках, животноводческих предприятиях, государственной ветеринарной службе, научно-исследовательских институтах;биология,русский,химия;80,78,79;Медицина;Ветеринария;Москва;5;Специалитет
220;МГАВМиБ;Ветеринария;Ветеринарная санитария, ветеринарно-санитарная экспертиза, безопасность пищевых продуктов животного происхождения. Изучают ветеринарную санитарию, ветеринарно-санитарную экспертизу, безопасность пищевых продуктов животного происхождения, контроль качества мяса и молока. Выпускники работают в ветеринарных лабораториях, на мясокомбинатах, молокозаводах, в государственной ветеринарной службе;биология,русский,химия;79,77,78;Медицина;Ветеринарная санитария;Москва;5;Специалитет
221;СПбГАВМ;Ветеринария;Ветеринария мелких домашних животных, лечение собак и кошек, ветеринарная стоматология, дерматология. Изучают ветеринарию мелких домашних животных, лечение собак и кошек, ветеринарную стоматологию, дерматологию, онкологию животных. Карьера в ветеринарных клиниках для домашних животных, специализированных центрах, частной практике;биология,русский,химия;78,76,77;Медицина;Ветеринария мелких животных;Санкт-Петербург;5;Специалитет
222;МГУ;Лесное дело;Лесоводство, лесные культуры, таксация леса, лесная пирология, лесопользование. Изучают лесоводство, лесные культуры, таксацию леса, лесную пирологию, лесопользование, охрану лесов. Карьера в лесхозах, лесничествах, лесопромышленных компаниях, заповедниках, государственных органах управления лесами;биология,русский,география;77,75,76;Science;Лесное дело;Москва;4;Бакалавриат
223;СПбГЛТУ;Лесное дело;Лесное хозяйство в таежной зоне, северное лесоводство, леса Европейского Севера. Изучают лесное хозяйство в таежной зоне, северное лесоводство, леса Европейского Севера, особенности лесопользования в холодном климате. Выпускники работают в лесхозах северных регионов, лесопромышленных компаниях Севера, научно-исследовательских институтах;биология,русский,география;76,74,75;Science;Северное лесоводство;Санкт-Петербург;4;Бакалавриат
224;СибГУ;Лесное дело;Лесное хозяйство Сибири, сибирская тайга, лесопользование в Сибири, лесные пожары в Сибири. Изучают лесное хозяйство Сибири, сибирскую тайгу, лесопользование в Сибири, лесные пожары в Сибири, кедровые леса. Карьера в лесхозах Сибири, лесопромышленных компаниях, заповедниках Сибири, научных центрах;биология,русский,география;75,73,74;Science;Сибирское лесное хозяйство;Красноярск;4;Бакалавриат
225;МГУ;Ландшафтная архитектура;Ландшафтное проектирование, садово-парковое искусство, озеленение, дендрология, цветоводство. Изучают ландшафтное проектирование, садово-парковое искусство, озеленение, дендрологию, цветоводство, историю ландшафтной архитектуры. Карьера в ландшафтных бюро, парковых хозяйствах, девелоперских компаниях, ботанических садах;биология,русский,математика;78,76,77;Творческое;Ландшафтная архитектура;Москва;4;Бакалавриат
226;МГУЛ;Ландшафтная архитектура;Лесопарковое хозяйство, городское озеленение, паркостроение, рекультивация нарушенных земель. Изучают лесопарковое хозяйство, городское озеленение, паркостроение, рекультивацию нарушенных земель, экологическую реставрацию. Выпускники работают в парковых хозяйствах, городских администрациях, ландшафтных фирмах, экологических организациях;биология,русский,математика;77,75,76;Творческое;Лесопарковое хозяйство;Москва;4;Бакалавриат
227;МГУ;Декоративное садоводство;Цветоводство, декоративные растения, ландшафтный дизайн, оранжерейное хозяйство, флористика. Изучают цветоводство, декоративные растения, ландшафтный дизайн, оранжерейное хозяйство, флористику, селекцию декоративных растений. Карьера в цветоводческих хозяйствах, оранжереях, ландшафтных фирмах, флористических салонах, ботанических садах;биология,русский,химия;77,75,76;Творческое;Декоративное садоводство;Москва;4;Бакалавриат
228;Тимирязевская академия;Декоративное садоводство;Промышленное цветоводство, тепличные технологии, выращивание срезочных цветов, горшечные растения. Изучают промышленное цветоводство, тепличные технологии, выращивание срезочных цветов, горшечные растения, фитодизайн. Выпускники работают в цветоводческих тепличных комплексах, садовых центрах, компаниях по производству посадочного материала;биология,русский,химия;76,74,75;Творческое;Промышленное цветоводство;Москва;4;Бакалавриат
229;МГУ;Технология продукции и организация общественного питания;Технология приготовления пищи, организация ресторанного бизнеса, менеджмент в общественном питании. Изучают технологию приготовления пищи, организацию ресторанного бизнеса, менеджмент в общественном питании, стандарты качества, пищевую безопасность. Карьера в ресторанах, отелях, кейтеринговых компаниях, пищевом производстве, контроле качества;химия,русский,математика;77,75,76;Экономика;Ресторанный бизнес;Москва;4;Бакалавриат
230;РЭУ им. Плеханова;Технология продукции и организация общественного питания;Ресторанный менеджмент, управление ресторанами, франчайзинг в общественном питании, концепции ресторанов. Изучают ресторанный менеджмент, управление ресторанами, франчайзинг в общественном питании, концепции ресторанов, маркетинг в общественном питании. Выпускники работают управляющими ресторанами, открывают собственные заведения, работают в ресторанных сетях, консалтинге;химия,русский,математика;76,74,75;Экономика;Ресторанный менеджмент;Москва;4;Бакалавриат
231;МГУ;Технология производства и переработки сельскохозяйственной продукции;Технология хранения и переработки сельхозпродукции, пищевые технологии, качество продуктов питания. Изучают технологию хранения и переработки сельхозпродукции, пищевые технологии, качество продуктов питания, пищевую безопасность, стандартизацию. Карьера на пищевых производствах, в лабораториях качества, контролирующих органах, научно-исследовательских институтах;химия,русский,биология;77,75,76;Инженерия;Пищевые технологии;Москва;4;Бакалавриат
232;КубГТУ;Технология производства и переработки сельскохозяйственной продукции;Технология переработки плодов и овощей, консервирование, соковое производство, виноделие. Изучают технологию переработки плодов и овощей, консервирование, соковое производство, виноделие, производство продуктов из винограда. Выпускники работают на консервных заводах, винодельческих предприятиях, соковых производствах, в агрохолдингах;химия,русский,биология;75,73,74;Инженерия;Переработка плодов и овощей;Краснодар;4;Бакалавриат
233;МГУ;Стандартизация и метрология;Стандартизация, метрология, управление качеством, сертификация, испытания продукции. Изучают стандартизацию, метрологию, управление качеством, сертификацию, испытания продукции, метрологическое обеспечение. Карьера в службах качества предприятий, метрологических службах, органах по сертификации, государственных инспекциях;математика,русский,физика;78,76,77;Инженерия;Стандартизация и метрология;Москва;4;Бакалавриат
234;МГТУ им. Н.Э. Баумана;Стандартизация и метрология;Метрологическое обеспечение производства, точные измерения в машиностроении, контроль качества в промышленности. Изучают метрологическое обеспечение производства, точные измерения в машиностроении, контроль качества в промышленности, средства измерений, поверку оборудования. Выпускники работают на промышленных предприятиях, в метрологических службах, контроле качества, научно-исследовательских институтах;математика,русский,физика;77,75,76;Инженерия;Метрология в машиностроении;Москва;4;Бакалавриат
235;МГУ;Управление качеством;Системы менеджмента качества, TQM, ISO стандарты, аудит качества, непрерывное улучшение. Изучают системы менеджмента качества, TQM, ISO стандарты, аудит качества, непрерывное улучшение, статистические методы контроля качества. Карьера в службах качества предприятий, консалтинге по качеству, органах по сертификации, аудиторских компаниях;математика,русский,обществознание;78,76,77;Экономика;Управление качеством;Москва;4;Бакалавриат
236;НИУ ВШЭ;Управление качеством;Качество в сфере услуг, сервисные стандарты, клиентоориентированность, управление качеством в IT. Изучают качество в сфере услуг, сервисные стандарты, клиентоориентированность, управление качеством в IT, метрики качества услуг. Выпускники работают в сервисных компаниях, IT-компаниях, банках, retail, консалтинге;математика,русский,обществознание;77,75,76;Экономика;Качество в сервисе;Москва;4;Бакалавриат
237;МГУ;Биотехнология;Промышленная биотехнология, микробиологические производства, ферментные технологии, биосинтез. Изучают промышленную биотехнологию, микробиологические производства, ферментные технологии, биосинтез, биокатализ, downstream processing. Карьера на биотехнологических производствах, фармацевтических заводах, научно-исследовательских институтах, стартапах;биология,русский,химия;81,79,80;Science;Промышленная биотехнология;Москва;4;Бакалавриат
238;МФТИ;Биотехнология;Медицинская биотехнология, производство лекарств, генная инженерия, клеточные технологии. Изучают медицинскую биотехнологию, производство лекарств, генную инженерию, клеточные технологии, биопрепараты, фармацевтическую биотехнологию. Выпускники работают в фармацевтических компаниях, биотех-стартапах, научно-исследовательских институтах, медицинских лабораториях;биология,русский,химия;82,80,81;Science;Медицинская биотехнология;Москва;4;Бакалавриат
239;СПбГУ;Биотехнология;Пищевая биотехнология, производство пищевых добавок, ферментированные продукты, пробиотики. Изучают пищевую биотехнологию, производство пищевых добавок, ферментированные продукты, пробиотики, ферменты в пищевой промышленности. Карьера на пищевых производствах, компаниях по производству пищевых добавок, научно-исследовательских институтах, контроле качества;биология,русский,химия;80,78,79;Science;Пищевая биотехнология;Санкт-Петербург;4;Бакалавриат
240;МГУ;Технология полиграфического и упаковочного производства;Полиграфические технологии, печатные процессы, производство упаковки, дизайн упаковки. Изучают полиграфические технологии, печатные процессы, производство упаковки, дизайн упаковки, допечатную подготовку, послепечатную обработку. Карьера в полиграфических компаниях, упаковочных производствах, дизайн-студиях, издательствах;математика,русский,физика;77,75,76;Инженерия;Полиграфия и упаковка;Москва;4;Бакалавриат
241;МГУПП;Технология полиграфического и упаковочного производства;Упаковка для пищевых продуктов, безопасность упаковки, материалы для упаковки, smart packaging. Изучают упаковку для пищевых продуктов, безопасность упаковки, материалы для упаковки, smart packaging, экологичную упаковку. Выпускники работают на пищевых производствах, в упаковочных компаниях, дизайн-бюро упаковки, научно-исследовательских институтах;математика,русский,химия;76,74,75;Инженерия;Упаковка для пищевых продуктов;Москва;4;Бакалавриат
242;МГУ;Дизайн;Промышленный дизайн, проектирование изделий, эргономика, дизайн-проектирование. Изучают промышленный дизайн, проектирование изделий, эргономику, дизайн-проектирование, материалы в дизайне, историю дизайна. Карьера в дизайн-студиях, промышленных компаниях, консалтинге, производстве потребительских товаров;русский,литература,рисунок;78,80,82;Творческое;Промышленный дизайн;Москва;4;Бакалавриат
243;СПбГУ;Дизайн;Графический дизайн, айдентика, типографика, иллюстрация, дизайн печатных изданий. Изучают графический дизайн, айдентику, типографику, иллюстрацию, дизайн печатных изданий, упаковку, рекламный дизайн. Выпускники работают в дизайн-студиях, рекламных агентствах, издательствах, на фрилансе;русский,литература,рисунок;77,79,81;Творческое;Графический дизайн;Санкт-Петербург;4;Бакалавриат
244;ЮФУ;Дизайн;Дизайн среды, интерьерный дизайн, экспозиционный дизайн, световой дизайн. Изучают дизайн среды, интерьерный дизайн, экспозиционный дизайн, световой дизайн, проектирование общественных пространств. Карьера в дизайн-студиях, архитектурных бюро, выставочных компаниях, девелоперских фирмах;русский,литература,рисунок;76,78,80;Творческое;Дизайн среды;Ростов-на-Дону;4;Бакалавриат
245;МГУ;Изящные искусства;Живопись, рисунок, композиция, история искусства, техники живописи. Изучают живопись, рисунок, композицию, историю искусства, техники живописи, цветоведение, анатомию для художников. Карьера художников, преподавателей искусства, реставраторов, иллюстраторов, в галереях;русский,литература,рисунок;75,77,85;Творческое;Живопись;Москва;4;Бакалавриат
246;СПбГУ;Изящные искусства;Графика, печатные техники, книжная графика, экслибрис, офорт, литография. Изучают графику, печатные техники, книжную графику, экслибрис, офорт, литографию, рисунок, композицию. Выпускники работают художниками-графиками, иллюстраторами, в издательствах, мастерских печатной графики, галереях;русский,литература,рисунок;74,76,84;Творческое;Графика;Санкт-Петербург;4;Бакалавриат
247;МГУ;Музыкальное искусство;История музыки, теория музыки, композиция, музыкальная форма, анализ музыкальных произведений. Изучают историю музыки, теорию музыки, композицию, музыкальную форму, анализ музыкальных произведений, сольфеджио, гармонию. Карьера музыковедов, композиторов, преподавателей музыки, музыкальных критиков, в концертных организациях;русский,литература,творческий экзамен;74,76,82;Творческое;Музыковедение;Москва;4;Бакалавриат
248;СПбГУ;Музыкальное искусство;Исполнительское искусство (фортепиано), история исполнительства, педагогика, концертная практика. Изучают исполнительское искусство (фортепиано), историю исполнительства, педагогику, концертную практику, камерный ансамбль, аккомпанемент. Выпускники работают пианистами, концертмейстерами, преподавателями, в оркестрах, музыкальных школах;русский,литература,творческий экзамен;73,75,83;Творческое;Исполнительское искусство;Санкт-Петербург;4;Бакалавриат
249;МГУ;Театральное искусство;История театра, теория драмы, театральная критика, драматургия, театроведение. Изучают историю театра, теорию драмы, театральную критику, драматургию, театроведение, анализ спектаклей. Карьера театроведов, театральных критиков, драматургов, преподавателей, в театрах, СМИ;русский,литература,история;76,78,80;Творческое;Театроведение;Москва;4;Бакалавриат
250;СПбГУ;Театральное искусство;Театральная режиссура, работа с актерами, сценография, постановка спектаклей. Изучают театральную режиссуру, работу с актерами, сценографию, постановку спектаклей, драматургический анализ, историю режиссуры. Выпускники работают режиссерами, ассистентами режиссера, в театрах, на телевидении, в кино;русский,литература,творческий экзамен;75,77,82;Творческое;Театральная режиссура;Санкт-Петербург;4;Бакалавриат
